Campaigns;Start;End;Period;Name;Source;Expected Duration;Duration;Value
F040-2;9/29/2026 7:00:00 AM;9/30/2026 7:00:00 AM;Day;L24;Aeronautic;86400;8971;52.58
F040-2;9/29/2026 7:00:00 AM;9/30/2026 7:00:00 AM;Day;LAeq;Aeronautic;86400;8971;62.42
F040-2;9/29/2026 7:00:00 AM;9/30/2026 7:00:00 AM;Day;LAmax;Aeronautic;86400;8971;76.85
F040-2;9/29/2026 7:00:00 AM;9/30/2026 7:00:00 AM;Day;Ld;Aeronautic;43200;6665;54.49
F040-2;9/29/2026 7:00:00 AM;9/30/2026 7:00:00 AM;Day;Lden;Aeronautic;86400;8971;55.44
F040-2;9/29/2026 7:00:00 AM;9/30/2026 7:00:00 AM;Day;Le;Aeronautic;14400;1648;52.36
F040-2;9/29/2026 7:00:00 AM;9/30/2026 7:00:00 AM;Day;Ln;Aeronautic;28800;658;45.51
F040-2;9/29/2026 7:00:00 AM;9/30/2026 7:00:00 AM;Day;SEL;Aeronautic;86400;8971;101.95
F041-1;9/29/2026 7:00:00 AM;9/30/2026 7:00:00 AM;Day;L24;Aeronautic;86400;8042;46.62
F041-1;9/29/2026 7:00:00 AM;9/30/2026 7:00:00 AM;Day;LAeq;Aeronautic;86400;8042;56.93
F041-1;9/29/2026 7:00:00 AM;9/30/2026 7:00:00 AM;Day;LAmax;Aeronautic;86400;8042;72.62
F041-1;9/29/2026 7:00:00 AM;9/30/2026 7:00:00 AM;Day;Ld;Aeronautic;43200;6300;48.36
F041-1;9/29/2026 7:00:00 AM;9/30/2026 7:00:00 AM;Day;Lden;Aeronautic;86400;8042;50.11
F041-1;9/29/2026 7:00:00 AM;9/30/2026 7:00:00 AM;Day;Le;Aeronautic;14400;1113;46.24
F041-1;9/29/2026 7:00:00 AM;9/30/2026 7:00:00 AM;Day;Ln;Aeronautic;28800;629;41.42
F041-1;9/29/2026 7:00:00 AM;9/30/2026 7:00:00 AM;Day;SEL;Aeronautic;86400;8042;95.99
F042-2;9/29/2026 7:00:00 AM;9/30/2026 7:00:00 AM;Day;L24;Aeronautic;86400;15774;64.47
F042-2;9/29/2026 7:00:00 AM;9/30/2026 7:00:00 AM;Day;LAeq;Aeronautic;86400;15774;71.86
F042-2;9/29/2026 7:00:00 AM;9/30/2026 7:00:00 AM;Day;LAmax;Aeronautic;86400;15774;90.44
F042-2;9/29/2026 7:00:00 AM;9/30/2026 7:00:00 AM;Day;Ld;Aeronautic;43200;11073;66.49
F042-2;9/29/2026 7:00:00 AM;9/30/2026 7:00:00 AM;Day;Lden;Aeronautic;86400;15774;66.64
F042-2;9/29/2026 7:00:00 AM;9/30/2026 7:00:00 AM;Day;Le;Aeronautic;14400;4162;64.66
F042-2;9/29/2026 7:00:00 AM;9/30/2026 7:00:00 AM;Day;Ln;Aeronautic;28800;539;54.02
F042-2;9/29/2026 7:00:00 AM;9/30/2026 7:00:00 AM;Day;SEL;Aeronautic;86400;15774;113.83
F043-2;9/29/2026 7:00:00 AM;9/30/2026 7:00:00 AM;Day;L24;Aeronautic;86400;16296;54.56
F043-2;9/29/2026 7:00:00 AM;9/30/2026 7:00:00 AM;Day;LAeq;Aeronautic;86400;16296;61.81
F043-2;9/29/2026 7:00:00 AM;9/30/2026 7:00:00 AM;Day;LAmax;Aeronautic;86400;16296;77.17
F043-2;9/29/2026 7:00:00 AM;9/30/2026 7:00:00 AM;Day;Ld;Aeronautic;43200;11365;56.13
F043-2;9/29/2026 7:00:00 AM;9/30/2026 7:00:00 AM;Day;Lden;Aeronautic;86400;16296;57.04
F043-2;9/29/2026 7:00:00 AM;9/30/2026 7:00:00 AM;Day;Le;Aeronautic;14400;4404;56.48
F043-2;9/29/2026 7:00:00 AM;9/30/2026 7:00:00 AM;Day;Ln;Aeronautic;28800;527;42.98
F043-2;9/29/2026 7:00:00 AM;9/30/2026 7:00:00 AM;Day;SEL;Aeronautic;86400;16296;103.93
F044-2;9/29/2026 7:00:00 AM;9/30/2026 7:00:00 AM;Day;L24;Aeronautic;86400;8856;45.77
F044-2;9/29/2026 7:00:00 AM;9/30/2026 7:00:00 AM;Day;LAeq;Aeronautic;86400;8856;55.66
F044-2;9/29/2026 7:00:00 AM;9/30/2026 7:00:00 AM;Day;LAmax;Aeronautic;86400;8856;73.57
F044-2;9/29/2026 7:00:00 AM;9/30/2026 7:00:00 AM;Day;Ld;Aeronautic;43200;5838;47.62
F044-2;9/29/2026 7:00:00 AM;9/30/2026 7:00:00 AM;Day;Lden;Aeronautic;86400;8856;49.33
F044-2;9/29/2026 7:00:00 AM;9/30/2026 7:00:00 AM;Day;Le;Aeronautic;14400;2598;44.43
F044-2;9/29/2026 7:00:00 AM;9/30/2026 7:00:00 AM;Day;Ln;Aeronautic;28800;420;41.01
F044-2;9/29/2026 7:00:00 AM;9/30/2026 7:00:00 AM;Day;SEL;Aeronautic;86400;8856;95.14
F045-1;9/29/2026 7:00:00 AM;9/30/2026 7:00:00 AM;Day;L24;Aeronautic;86400;7257;45.24
F045-1;9/29/2026 7:00:00 AM;9/30/2026 7:00:00 AM;Day;LAeq;Aeronautic;86400;7257;56
F045-1;9/29/2026 7:00:00 AM;9/30/2026 7:00:00 AM;Day;LAmax;Aeronautic;86400;7257;72.04
F045-1;9/29/2026 7:00:00 AM;9/30/2026 7:00:00 AM;Day;Ld;Aeronautic;43200;4979;47.18
F045-1;9/29/2026 7:00:00 AM;9/30/2026 7:00:00 AM;Day;Lden;Aeronautic;86400;7257;48.14
F045-1;9/29/2026 7:00:00 AM;9/30/2026 7:00:00 AM;Day;Le;Aeronautic;14400;1579;44.75
F045-1;9/29/2026 7:00:00 AM;9/30/2026 7:00:00 AM;Day;Ln;Aeronautic;28800;699;38.44
F045-1;9/29/2026 7:00:00 AM;9/30/2026 7:00:00 AM;Day;SEL;Aeronautic;86400;7257;94.61
F046-2;9/29/2026 7:00:00 AM;9/30/2026 7:00:00 AM;Day;L24;Aeronautic;86400;9602;52.78
F046-2;9/29/2026 7:00:00 AM;9/30/2026 7:00:00 AM;Day;LAeq;Aeronautic;86400;9602;62.33
F046-2;9/29/2026 7:00:00 AM;9/30/2026 7:00:00 AM;Day;LAmax;Aeronautic;86400;9602;77.7
F046-2;9/29/2026 7:00:00 AM;9/30/2026 7:00:00 AM;Day;Ld;Aeronautic;43200;6244;54.88
F046-2;9/29/2026 7:00:00 AM;9/30/2026 7:00:00 AM;Day;Lden;Aeronautic;86400;9602;54.33
F046-2;9/29/2026 7:00:00 AM;9/30/2026 7:00:00 AM;Day;Le;Aeronautic;14400;3088;53.3
F046-2;9/29/2026 7:00:00 AM;9/30/2026 7:00:00 AM;Day;Ln;Aeronautic;28800;270;31.13
F046-2;9/29/2026 7:00:00 AM;9/30/2026 7:00:00 AM;Day;SEL;Aeronautic;86400;9602;102.15
F047-3;9/29/2026 7:00:00 AM;9/30/2026 7:00:00 AM;Day;L24;Aeronautic;86400;8284;46.38
F047-3;9/29/2026 7:00:00 AM;9/30/2026 7:00:00 AM;Day;LAeq;Aeronautic;86400;8284;56.56
F047-3;9/29/2026 7:00:00 AM;9/30/2026 7:00:00 AM;Day;LAmax;Aeronautic;86400;8284;77.2
F047-3;9/29/2026 7:00:00 AM;9/30/2026 7:00:00 AM;Day;Ld;Aeronautic;43200;5511;47.7
F047-3;9/29/2026 7:00:00 AM;9/30/2026 7:00:00 AM;Day;Lden;Aeronautic;86400;8284;51.61
F047-3;9/29/2026 7:00:00 AM;9/30/2026 7:00:00 AM;Day;Le;Aeronautic;14400;2427;43.39
F047-3;9/29/2026 7:00:00 AM;9/30/2026 7:00:00 AM;Day;Ln;Aeronautic;28800;346;44.93
F047-3;9/29/2026 7:00:00 AM;9/30/2026 7:00:00 AM;Day;SEL;Aeronautic;86400;8284;95.75
F003-3;9/29/2026 7:00:00 AM;9/30/2026 7:00:00 AM;Day;L24;Aeronautic;86400;20054;51.78
F003-3;9/29/2026 7:00:00 AM;9/30/2026 7:00:00 AM;Day;LAeq;Aeronautic;86400;20054;58.13
F003-3;9/29/2026 7:00:00 AM;9/30/2026 7:00:00 AM;Day;LAmax;Aeronautic;86400;20054;74.14
F003-3;9/29/2026 7:00:00 AM;9/30/2026 7:00:00 AM;Day;Ld;Aeronautic;43200;14638;53.4
F003-3;9/29/2026 7:00:00 AM;9/30/2026 7:00:00 AM;Day;Lden;Aeronautic;86400;20054;54.06
F003-3;9/29/2026 7:00:00 AM;9/30/2026 7:00:00 AM;Day;Le;Aeronautic;14400;4757;53.73
F003-3;9/29/2026 7:00:00 AM;9/30/2026 7:00:00 AM;Day;Ln;Aeronautic;28800;659;37.97
F003-3;9/29/2026 7:00:00 AM;9/30/2026 7:00:00 AM;Day;SEL;Aeronautic;86400;20054;101.15
F049-1;9/29/2026 7:00:00 AM;9/30/2026 7:00:00 AM;Day;L24;Aeronautic;86400;16928;57.3
F049-1;9/29/2026 7:00:00 AM;9/30/2026 7:00:00 AM;Day;LAeq;Aeronautic;86400;16928;64.38
F049-1;9/29/2026 7:00:00 AM;9/30/2026 7:00:00 AM;Day;LAmax;Aeronautic;86400;16928;83.38
F049-1;9/29/2026 7:00:00 AM;9/30/2026 7:00:00 AM;Day;Ld;Aeronautic;43200;11901;59.4
F049-1;9/29/2026 7:00:00 AM;9/30/2026 7:00:00 AM;Day;Lden;Aeronautic;86400;16928;59.11
F049-1;9/29/2026 7:00:00 AM;9/30/2026 7:00:00 AM;Day;Le;Aeronautic;14400;4434;57.46
F049-1;9/29/2026 7:00:00 AM;9/30/2026 7:00:00 AM;Day;Ln;Aeronautic;28800;593;44.1
F049-1;9/29/2026 7:00:00 AM;9/30/2026 7:00:00 AM;Day;SEL;Aeronautic;86400;16928;106.67
M071-1;9/29/2026 7:00:00 AM;9/30/2026 7:00:00 AM;Day;L24;Aeronautic;86400;5020;44.81
M071-1;9/29/2026 7:00:00 AM;9/30/2026 7:00:00 AM;Day;LAeq;Aeronautic;86400;5020;57.17
M071-1;9/29/2026 7:00:00 AM;9/30/2026 7:00:00 AM;Day;LAmax;Aeronautic;86400;5020;74.01
M071-1;9/29/2026 7:00:00 AM;9/30/2026 7:00:00 AM;Day;Ld;Aeronautic;43200;3526;46.88
M071-1;9/29/2026 7:00:00 AM;9/30/2026 7:00:00 AM;Day;Lden;Aeronautic;86400;5020;47.33
M071-1;9/29/2026 7:00:00 AM;9/30/2026 7:00:00 AM;Day;Le;Aeronautic;14400;1035;44.1
M071-1;9/29/2026 7:00:00 AM;9/30/2026 7:00:00 AM;Day;Ln;Aeronautic;28800;459;36.86
M071-1;9/29/2026 7:00:00 AM;9/30/2026 7:00:00 AM;Day;SEL;Aeronautic;86400;5020;94.18
M072-2;9/29/2026 7:00:00 AM;9/30/2026 7:00:00 AM;Day;L24;Aeronautic;86400;4049;40.45
M072-2;9/29/2026 7:00:00 AM;9/30/2026 7:00:00 AM;Day;LAeq;Aeronautic;86400;4049;53.74
M072-2;9/29/2026 7:00:00 AM;9/30/2026 7:00:00 AM;Day;LAmax;Aeronautic;86400;4049;65.28
M072-2;9/29/2026 7:00:00 AM;9/30/2026 7:00:00 AM;Day;Ld;Aeronautic;43200;2819;42.31
M072-2;9/29/2026 7:00:00 AM;9/30/2026 7:00:00 AM;Day;Lden;Aeronautic;86400;4049;43.9
M072-2;9/29/2026 7:00:00 AM;9/30/2026 7:00:00 AM;Day;Le;Aeronautic;14400;855;39.33
M072-2;9/29/2026 7:00:00 AM;9/30/2026 7:00:00 AM;Day;Ln;Aeronautic;28800;375;35.39
M072-2;9/29/2026 7:00:00 AM;9/30/2026 7:00:00 AM;Day;SEL;Aeronautic;86400;4049;89.81
M044-3;9/29/2026 7:00:00 AM;9/30/2026 7:00:00 AM;Day;L24;Aeronautic;86400;8047;47.03
M044-3;9/29/2026 7:00:00 AM;9/30/2026 7:00:00 AM;Day;LAeq;Aeronautic;86400;8047;57.34
M044-3;9/29/2026 7:00:00 AM;9/30/2026 7:00:00 AM;Day;LAmax;Aeronautic;86400;8047;78.84
M044-3;9/29/2026 7:00:00 AM;9/30/2026 7:00:00 AM;Day;Ld;Aeronautic;43200;5192;49.22
M044-3;9/29/2026 7:00:00 AM;9/30/2026 7:00:00 AM;Day;Lden;Aeronautic;86400;8047;49.68
M044-3;9/29/2026 7:00:00 AM;9/30/2026 7:00:00 AM;Day;Le;Aeronautic;14400;2511;44.98
M044-3;9/29/2026 7:00:00 AM;9/30/2026 7:00:00 AM;Day;Ln;Aeronautic;28800;344;40.15
M044-3;9/29/2026 7:00:00 AM;9/30/2026 7:00:00 AM;Day;SEL;Aeronautic;86400;8047;96.4
