Direction;First plot;Last plot;Touchdown;Mode S;SSR;Track number;Callsign;Registration;Model;Wake turbulence category;From;To;Runway;Route
DEP;9/29/2026 7:03:21 AM +02:00;9/29/2026 7:07:20 AM +02:00;9/29/2026 7:03:41 AM +02:00;502D46;1000;1247;BEL5RA;YLABE;BCS3;Medium;EBBR;LOWW;25R;SOPOK4G
DEP;9/29/2026 7:05:24 AM +02:00;9/29/2026 7:09:52 AM +02:00;;449683;114;3335;JAF4AB;;E295;Medium;EBBR;LGRP;25R;PITES4G
ARR;9/29/2026 7:07:56 AM +02:00;9/29/2026 7:16:44 AM +02:00;9/29/2026 7:16:12 AM +02:00;3C6D43;4131;3613;GER291P;DAKJC;E190;Medium;EDDK;EBBR;25L;
DEP;9/29/2026 7:08:48 AM +02:00;9/29/2026 7:20:36 AM +02:00;9/29/2026 7:09:24 AM +02:00;449681;1000;272;JAF063P;;E295;Medium;EBBR;EBAW;25R;NIK3G
ARR;9/29/2026 7:10:08 AM +02:00;9/29/2026 7:19:40 AM +02:00;9/29/2026 7:18:40 AM +02:00;06A0AD;1000;3062;QTR195;A7BCI;B788;Heavy;OTHH;EBBR;25L;FLO2H
DEP;9/29/2026 7:10:40 AM +02:00;9/29/2026 7:14:36 AM +02:00;9/29/2026 7:11:00 AM +02:00;44CE62;1000;481;BEL8HQ;OOSSB;A319;Medium;EBBR;LSZH;25R;ROUSY4G
ARR;9/29/2026 7:12:32 AM +02:00;9/29/2026 7:23:36 AM +02:00;9/29/2026 7:22:36 AM +02:00;44CCD1;2056;26;BEL52B;;A333;Heavy;KJFK;EBBR;25L;KOK9A
DEP;9/29/2026 7:12:56 AM +02:00;9/29/2026 7:18:12 AM +02:00;;3C70AA;105;562;BCS081;DALEJ;A332;Heavy;EBBR;DNMM;25R;ROUSY4G
DEP;9/29/2026 7:16:16 AM +02:00;9/29/2026 7:19:24 AM +02:00;9/29/2026 7:16:24 AM +02:00;44BA67;1000;2628;AAB42N;OONSG;C25C;Medium;EBBR;EDDP;25R;SPI4G
ARR;9/29/2026 7:17:44 AM +02:00;9/29/2026 7:27:08 AM +02:00;9/29/2026 7:26:12 AM +02:00;44CCCA;1175;3046;BEL5YH;OOSFJ;A333;Heavy;KIAD;EBBR;25L;KOK9A
DEP;9/29/2026 7:18:00 AM +02:00;9/29/2026 7:22:28 AM +02:00;;342091;7140;1120;IBE06CK;ECILS;A320;Medium;EBBR;LEMD;25R;CIV4G
ARR;9/29/2026 7:19:24 AM +02:00;9/29/2026 7:30:00 AM +02:00;9/29/2026 7:29:04 AM +02:00;AB5D2C;2205;3174;DAL140;N831MH;B764;Heavy;KATL;EBBR;25L;KOK9A
DEP;9/29/2026 7:21:52 AM +02:00;9/29/2026 7:25:36 AM +02:00;9/29/2026 7:22:12 AM +02:00;44CE66;1000;3973;BEL4CB;OOSSF;A319;Medium;EBBR;LIML;25R;ROUSY4G
ARR;9/29/2026 7:22:25 AM +02:00;9/29/2026 7:32:36 AM +02:00;;484C50;1000;2181;KLM89W;PHEZL;E190;Medium;EHAM;EBBR;25L;ANT2H
ARR;9/29/2026 7:24:04 AM +02:00;9/29/2026 7:36:00 AM +02:00;9/29/2026 7:35:20 AM +02:00;A290D0;2047;3688;UAL950;N2644U;B77W;Heavy;KIAD;EBBR;25L;KOK9A
DEP;9/29/2026 7:25:28 AM +02:00;9/29/2026 7:29:48 AM +02:00;;44CE79;1000;1218;BEL1YC;;A319;Medium;EBBR;LIRF;25R;ROUSY4G
ARR;9/29/2026 7:28:25 AM +02:00;9/29/2026 7:39:40 AM +02:00;9/29/2026 7:38:20 AM +02:00;4CA303;1000;1161;RYR5234;EIDLX;B738;Medium;LEGE;EBBR;25L;
ARR;9/29/2026 7:30:36 AM +02:00;9/29/2026 7:45:28 AM +02:00;9/29/2026 7:44:12 AM +02:00;A0A54D;2053;2811;UAL994;N14019;B78X;Heavy;KEWR;EBBR;25L;KOK9A
ARR;9/29/2026 7:32:48 AM +02:00;9/29/2026 7:42:12 AM +02:00;9/29/2026 7:41:16 AM +02:00;789234;1000;2030;CPA275;BLQB;A359;Heavy;VHHH;EBBR;25L;BATTY7A
DEP;9/29/2026 7:36:04 AM +02:00;9/29/2026 7:39:44 AM +02:00;;4BB263;101;665;THY39P;TCLSC;A21N;Medium;EBBR;LTFM;25R;SOPOK4G
ARR;9/29/2026 7:36:48 AM +02:00;9/29/2026 7:47:40 AM +02:00;9/29/2026 7:47:16 AM +02:00;484C53;1000;3545;KLM9955;PHEZO;E190;Medium;EHAM;EBBR;25L;WOODY9A
ARR;9/29/2026 7:41:24 AM +02:00;9/29/2026 7:50:08 AM +02:00;;4CA264;1000;2838;RYR7JZ;EIDHH;B738;Medium;LIRF;EBBR;25L;FLO2H
ARR;9/29/2026 7:45:36 AM +02:00;9/29/2026 7:55:48 AM +02:00;9/29/2026 7:54:56 AM +02:00;C01A61;2034;1305;ACA832;CFJZS;B77W;Heavy;CYUL;EBBR;25L;
DEP;9/29/2026 7:50:24 AM +02:00;9/29/2026 7:54:56 AM +02:00;9/29/2026 7:50:48 AM +02:00;44CDC9;1000;2216;BEL2HV;OOSNI;A320;Medium;EBBR;LIRN;25R;SOPOK4G
ARR;9/29/2026 7:51:04 AM +02:00;9/29/2026 8:00:05 AM +02:00;9/29/2026 7:58:52 AM +02:00;44CE75;1000;567;BEL8YE;OOSSU;A319;Medium;EDDB;EBBR;25L;FLO2H
ARR;9/29/2026 7:53:33 AM +02:00;9/29/2026 8:02:45 AM +02:00;9/29/2026 8:01:37 AM +02:00;44CE6F;1366;1;BEL8CL;OOSSO;A319;Medium;EDDH;EBBR;25L;ANT2H
ARR;9/29/2026 7:53:45 AM +02:00;9/29/2026 8:08:33 AM +02:00;9/29/2026 8:07:49 AM +02:00;C02EC1;2006;812;ACA826;CFRSI;B789;Heavy;CYYZ;EBBR;25L;
ARR;9/29/2026 7:56:17 AM +02:00;9/29/2026 8:06:01 AM +02:00;9/29/2026 8:04:45 AM +02:00;44CE6C;1000;712;BEL5GP;OOSSL;A319;Medium;LKPR;EBBR;25L;FLO2H
ARR;9/29/2026 7:59:09 AM +02:00;9/29/2026 8:11:36 AM +02:00;9/29/2026 8:10:49 AM +02:00;7812A0;1000;3158;CHH7921;B1341;B789;Heavy;ZSPD;EBBR;25L;ANT2H
DEP;9/29/2026 8:00:41 AM +02:00;9/29/2026 8:07:01 AM +02:00;;44C973;1000;3360;;OORKS;C510;Light;EBBR;EBOS;25R;DENUT4G
ARR;9/29/2026 8:02:05 AM +02:00;9/29/2026 8:15:13 AM +02:00;9/29/2026 8:14:04 AM +02:00;44CC47;1000;1848;BEL1PD;;A20N;Medium;LFML;EBBR;25L;KERKY2H
DEP;9/29/2026 8:04:57 AM +02:00;9/29/2026 8:09:04 AM +02:00;;44A838;102;1526;JAF2XD;OOJAX;B738;Medium;EBBR;HESH;25R;SOPOK4G
ARR;9/29/2026 8:06:17 AM +02:00;9/29/2026 8:17:01 AM +02:00;;4CAE12;1000;150;ITY148;;BCS1;Medium;LIML;EBBR;25L;FLO2H
DEP;9/29/2026 8:09:33 AM +02:00;9/29/2026 8:14:16 AM +02:00;;48ADA4;1000;1939;LOT4MH;SPLNE;E195;Medium;EBBR;EPWA;25R;LNO4G
ARR;9/29/2026 8:09:45 AM +02:00;9/29/2026 8:20:44 AM +02:00;9/29/2026 8:19:45 AM +02:00;44CE61;1000;1107;BEL7ZC;OOSSA;A319;Medium;LSGG;EBBR;25L;FLO2H
ARR;9/29/2026 8:13:05 AM +02:00;9/29/2026 8:22:33 AM +02:00;;89653B;1000;2004;ETD46X;A6BND;B789;Heavy;OMAA;EBBR;25L;FLO2H
ARR;9/29/2026 8:14:05 AM +02:00;9/29/2026 8:26:41 AM +02:00;9/29/2026 8:25:41 AM +02:00;502D7C;1000;1516;BEL94L;;BCS3;Medium;LFLL;EBBR;25L;ARVOL9A
ARR;9/29/2026 8:17:33 AM +02:00;9/29/2026 8:30:17 AM +02:00;9/29/2026 8:29:09 AM +02:00;44CC42;1000;4040;BEL76T;;A20N;Medium;LFBO;EBBR;25L;
DEP;9/29/2026 8:19:45 AM +02:00;9/29/2026 8:23:49 AM +02:00;9/29/2026 8:20:17 AM +02:00;484C50;1000;1501;KLM58G;PHEZL;E190;Medium;EBBR;EHAM;25R;HELEN4G
ARR;9/29/2026 8:19:45 AM +02:00;9/29/2026 8:28:29 AM +02:00;9/29/2026 8:27:29 AM +02:00;44CDC5;3524;429;BEL6NQ;OOSNE;A320;Medium;EKCH;EBBR;25R;ANT2R
ARR;9/29/2026 8:23:05 AM +02:00;9/29/2026 8:32:17 AM +02:00;9/29/2026 8:32:01 AM +02:00;4402AE;1000;2068;EJU62ZB;OEIVZ;A320;Medium;LIML;EBBR;25L;BATTY7A
ARR;9/29/2026 8:23:53 AM +02:00;9/29/2026 8:34:09 AM +02:00;9/29/2026 8:33:32 AM +02:00;44CDCA;2073;3051;BEL9HZ;OOSNJ;A320;Medium;EGCC;EBBR;25R;
DEP;9/29/2026 8:25:29 AM +02:00;9/29/2026 8:29:53 AM +02:00;9/29/2026 8:25:53 AM +02:00;44CC45;1000;475;BEL8KV;;A20N;Medium;EBBR;LFPG;25R;CIV4G
ARR;9/29/2026 8:25:41 AM +02:00;9/29/2026 8:35:24 AM +02:00;;44CDCC;1000;3112;BEL19V;OOSNL;A320;Medium;LIPZ;EBBR;25L;FLO2H
ARR;9/29/2026 8:26:33 AM +02:00;9/29/2026 8:37:28 AM +02:00;9/29/2026 8:36:52 AM +02:00;44CDCD;1000;3985;BEL2FR;OOSNM;A320;Medium;LEMD;EBBR;25R;
ARR;9/29/2026 8:28:37 AM +02:00;9/29/2026 8:39:36 AM +02:00;9/29/2026 8:38:16 AM +02:00;44CDC6;1000;3977;BEL6WA;OOSNF;A320;Medium;LHBP;EBBR;25L;BATTY7A
DEP;9/29/2026 8:29:01 AM +02:00;9/29/2026 8:33:52 AM +02:00;;345687;1000;320;ANE8076;ECMTZ;CRJX;Medium;EBBR;LPPR;25R;CIV4G
ARR;9/29/2026 8:29:57 AM +02:00;9/29/2026 8:41:28 AM +02:00;;34454A;1000;3807;VLG4GZ;ECMBF;A320;Medium;LEAL;EBBR;25L;ARVOL9A
ARR;9/29/2026 8:33:45 AM +02:00;9/29/2026 8:44:00 AM +02:00;9/29/2026 8:43:08 AM +02:00;44CDC8;1000;1607;BEL8HW;OOSNH;A320;Medium;ESGG;EBBR;25R;WOODY9A
ARR;9/29/2026 8:34:08 AM +02:00;9/29/2026 8:45:32 AM +02:00;9/29/2026 8:44:16 AM +02:00;440589;1000;1325;EJU64AM;OELQM;A319;Medium;LIRF;EBBR;25L;FLO2H
DEP;9/29/2026 8:34:44 AM +02:00;9/29/2026 8:38:24 AM +02:00;;4CA303;1000;931;RYR38YH;EIDLX;B738;Medium;EBBR;LEGE;25R;CIV4G
ARR;9/29/2026 8:37:52 AM +02:00;9/29/2026 8:48:24 AM +02:00;9/29/2026 8:47:20 AM +02:00;4B181B;1000;68;SWR756C;;A20N;Medium;LSZH;EBBR;25L;FLO2H
ARR;9/29/2026 8:44:08 AM +02:00;9/29/2026 8:52:08 AM +02:00;;501C4B;1000;3423;CTN456;;BCS1;Medium;LDZA;EBBR;25L;FLO2H
ARR;9/29/2026 8:44:29 AM +02:00;9/29/2026 8:55:24 AM +02:00;;44CC46;4647;3153;BEL5PQ;;A20N;Medium;EGLL;EBBR;25L;KOK9A
ARR;9/29/2026 8:51:49 AM +02:00;9/29/2026 8:59:40 AM +02:00;9/29/2026 8:58:52 AM +02:00;44D076;3521;3632;BEL5AU;OOTCV;A320;Medium;ENGM;EBBR;25R;WOODY9A
ARR;9/29/2026 8:53:48 AM +02:00;9/29/2026 9:01:44 AM +02:00;;502D28;1000;1602;BTI60K;YLAAX;BCS3;Medium;EVRA;EBBR;25L;FLO2H
ARR;9/29/2026 8:54:17 AM +02:00;9/29/2026 9:03:52 AM +02:00;9/29/2026 9:03:28 AM +02:00;4D251C;1000;2665;RYR9KG;9HQEY;B738;Medium;LEBL;EBBR;25R;ARVOL9A
DEP;9/29/2026 8:57:08 AM +02:00;9/29/2026 9:01:28 AM +02:00;;4CA264;1000;178;RYR1TZ;EIDHH;B738;Medium;EBBR;LIRF;25R;ROUSY4G
ARR;9/29/2026 8:57:36 AM +02:00;9/29/2026 9:10:20 AM +02:00;9/29/2026 9:09:28 AM +02:00;A0F427;2027;2114;UAL972;N16008;B78X;Heavy;KORD;EBBR;25L;KOK9A
ARR;9/29/2026 8:58:24 AM +02:00;9/29/2026 9:07:48 AM +02:00;9/29/2026 9:06:44 AM +02:00;451D8C;1000;2059;ASL30E;LZBUR;E190;Medium;LYBE;EBBR;25L;FLO2H
ARR;9/29/2026 9:00:28 AM +02:00;9/29/2026 9:12:16 AM +02:00;9/29/2026 9:11:32 AM +02:00;3E353E;4151;3582;FSE1C;;C25M;Light;EDDN;EBBR;25R;FLO2R
DEP;9/29/2026 9:00:52 AM +02:00;9/29/2026 9:04:36 AM +02:00;;48520D;7122;3648;TRA22C;PHHXE;B738;Medium;EBBR;GMMX;25R;CIV4G
ARR;9/29/2026 9:04:28 AM +02:00;9/29/2026 9:14:36 AM +02:00;9/29/2026 9:13:08 AM +02:00;711469;1000;1304;KNE641;;A20N;Medium;OEJN;EBBR;25L;FLO2H
ARR;9/29/2026 9:08:33 AM +02:00;9/29/2026 9:19:36 AM +02:00;9/29/2026 9:18:36 AM +02:00;44CE76;1000;2699;BEL7HQ;OOSSV;A319;Medium;ESSA;EBBR;25R;ANT2R
ARR;9/29/2026 9:08:44 AM +02:00;9/29/2026 9:17:16 AM +02:00;9/29/2026 9:16:12 AM +02:00;4402A3;1000;1601;AUA29N;OELXE;A320;Medium;LOWW;EBBR;25L;FLO2H
ARR;9/29/2026 9:11:12 AM +02:00;9/29/2026 9:20:44 AM +02:00;9/29/2026 9:19:44 AM +02:00;4D22AB;1000;32;KMM422;9HNED;A20N;Medium;LMML;EBBR;25L;FLO2H
ARR;9/29/2026 9:13:12 AM +02:00;9/29/2026 9:36:00 AM +02:00;9/29/2026 9:35:00 AM +02:00;502CE5;7673;2839;BTI2YH;YLCSK;BCS3;Medium;EETN;EBBR;25L;BATTY7A
ARR;9/29/2026 9:14:12 AM +02:00;9/29/2026 9:26:32 AM +02:00;9/29/2026 9:25:32 AM +02:00;4D2265;1000;3040;RYR4BP;9HQDL;B738;Medium;LEPA;EBBR;25L;
ARR;9/29/2026 9:14:16 AM +02:00;9/29/2026 9:24:48 AM +02:00;9/29/2026 9:23:48 AM +02:00;44B0C3;3262;1895;ABB871;;B748;Heavy;UTAA;EBBR;25R;FLO2R
DEP;9/29/2026 9:15:48 AM +02:00;9/29/2026 9:20:53 AM +02:00;;78219A;7151;2105;HLF8812;;B77L;Heavy;EBBR;ZSPD;25R;NIK3G
ARR;9/29/2026 9:16:28 AM +02:00;9/29/2026 9:28:49 AM +02:00;9/29/2026 9:28:04 AM +02:00;44CC41;1000;1245;BEL9DN;OOSBA;A20N;Medium;EDDF;EBBR;25R;FLO2R
ARR;9/29/2026 9:17:24 AM +02:00;9/29/2026 9:32:45 AM +02:00;9/29/2026 9:31:56 AM +02:00;4CAA5F;4645;3096;RYR61VB;EIEXD;B738;Medium;EIDW;EBBR;25L;
DEP;9/29/2026 9:20:24 AM +02:00;9/29/2026 9:25:00 AM +02:00;;06A0AD;107;2042;QTR196;A7BCI;B788;Heavy;EBBR;OTHH;25R;SOPOK4G
ARR;9/29/2026 9:20:48 AM +02:00;9/29/2026 9:29:56 AM +02:00;9/29/2026 9:29:05 AM +02:00;48AF09;1000;3511;LOT2VD;;B38M;Medium;EPWA;EBBR;25L;FLO2H
ARR;9/29/2026 9:24:01 AM +02:00;9/29/2026 9:38:45 AM +02:00;9/29/2026 9:38:01 AM +02:00;44CDCB;1000;817;BEL6TC;OOSNK;A320;Medium;LFPG;EBBR;25L;
DEP;9/29/2026 9:25:48 AM +02:00;9/29/2026 9:30:52 AM +02:00;9/29/2026 9:26:24 AM +02:00;3C6D43;1000;2497;GER291;DAKJC;E190;Medium;EBBR;EDJA;25R;SOPOK4G
DEP;9/29/2026 9:29:37 AM +02:00;9/29/2026 9:33:20 AM +02:00;9/29/2026 9:30:00 AM +02:00;44CC47;1000;1565;BEL5FJ;;A20N;Medium;EBBR;LIRQ;25R;ROUSY4G
ARR;9/29/2026 9:30:48 AM +02:00;9/29/2026 9:40:25 AM +02:00;;348358;4117;2433;BCS204P;;B738;Medium;EDDK;EBBR;25R;FLO2R
DEP;9/29/2026 9:31:17 AM +02:00;9/29/2026 9:35:40 AM +02:00;;44CE72;7127;1371;BEL2DY;OOSSR;A319;Medium;EBBR;LPPT;25R;CIV4G
DEP;9/29/2026 9:33:04 AM +02:00;9/29/2026 9:38:36 AM +02:00;9/29/2026 9:33:28 AM +02:00;44F681;7103;762;BAF649;CT01;A400;Heavy;EBMB;LEMO;25R;CIV4G
ARR;9/29/2026 9:33:52 AM +02:00;9/29/2026 9:42:17 AM +02:00;9/29/2026 9:41:41 AM +02:00;461FA0;7676;12;FIN52V;OHLZK;A321;Medium;EFHK;EBBR;25L;FLO2H
ARR;9/29/2026 9:34:21 AM +02:00;9/29/2026 9:45:40 AM +02:00;9/29/2026 9:45:01 AM +02:00;486954;1000;816;KLM91Z;;E295;Medium;EHAM;EBBR;25R;ANT2R
DEP;9/29/2026 9:35:32 AM +02:00;9/29/2026 9:39:24 AM +02:00;9/29/2026 9:35:56 AM +02:00;4402AE;1000;1820;EJU98PT;OEIVZ;A320;Medium;EBBR;LIML;25R;ROUSY4G
ARR;9/29/2026 9:36:44 AM +02:00;9/29/2026 9:49:12 AM +02:00;9/29/2026 9:48:17 AM +02:00;44CE6A;1000;829;BEL7NL;OOSSJ;A319;Medium;LSGG;EBBR;25R;BATTY7A
ARR;9/29/2026 9:37:17 AM +02:00;9/29/2026 9:46:21 AM +02:00;9/29/2026 9:45:56 AM +02:00;4CA295;4656;986;EIN63N;EIDEO;A320;Medium;EIDW;EBBR;25L;
DEP;9/29/2026 9:37:33 AM +02:00;9/29/2026 9:41:44 AM +02:00;9/29/2026 9:37:57 AM +02:00;44CE6F;7135;276;BEL5KF;OOSSO;A319;Medium;EBBR;LPFR;25R;CIV4G
ARR;9/29/2026 9:39:33 AM +02:00;9/29/2026 9:51:32 AM +02:00;9/29/2026 9:49:45 AM +02:00;33FFDC;1001;1946;LYF439;06;C27J;Medium;ELLX;EBMB;25L;FLO2H
ARR;9/29/2026 9:39:37 AM +02:00;9/29/2026 9:53:56 AM +02:00;9/29/2026 9:52:44 AM +02:00;020124;1000;2152;MAC113R;CNNMJ;A320;Medium;GMTT;EBBR;25L;ARVOL9A
ARR;9/29/2026 9:40:13 AM +02:00;9/29/2026 9:55:16 AM +02:00;9/29/2026 9:54:20 AM +02:00;76CCCD;2077;656;SIA7975;9VSFM;B744;Heavy;KLAX;EBBR;25R;KERKY2R
DEP;9/29/2026 9:42:17 AM +02:00;9/29/2026 9:46:28 AM +02:00;9/29/2026 9:42:17 AM +02:00;44CE61;1000;945;BEL1UF;OOSSA;A319;Medium;EBBR;LSGG;25R;ROUSY4G
ARR;9/29/2026 9:43:16 AM +02:00;9/29/2026 9:56:49 AM +02:00;9/29/2026 9:55:36 AM +02:00;4CAC8E;731;926;SAS57B;;A20N;Medium;EKCH;EBBR;25L;BATTY7A
ARR;9/29/2026 9:44:40 AM +02:00;9/29/2026 10:01:56 AM +02:00;9/29/2026 10:00:37 AM +02:00;400A7C;4614;3319;BAW384;GDBCC;A319;Medium;EGLL;EBBR;25L;KOK9A
ARR;9/29/2026 9:44:44 AM +02:00;9/29/2026 9:59:32 AM +02:00;9/29/2026 9:58:28 AM +02:00;4D02A1;1000;3690;JFA99X;LXZAP;PC24;Medium;LSZA;EBBR;25L;LNO6A
ARR;9/29/2026 9:44:49 AM +02:00;9/29/2026 10:00:21 AM +02:00;9/29/2026 9:59:28 AM +02:00;34860C;1000;2565;AEA1171;;B38M;Medium;LEMD;EBBR;25R;ARVOL9A
DEP;9/29/2026 9:46:13 AM +02:00;9/29/2026 9:50:04 AM +02:00;9/29/2026 9:46:28 AM +02:00;4CAE12;1000;1385;ITY151;;BCS1;Medium;EBBR;LIML;25R;ROUSY4G
ARR;9/29/2026 9:49:12 AM +02:00;9/29/2026 10:03:32 AM +02:00;9/29/2026 10:02:36 AM +02:00;44CE77;1000;684;BEL5HW;OOSSW;A319;Medium;EDDB;EBBR;25R;BATTY7A
DEP;9/29/2026 9:49:53 AM +02:00;9/29/2026 9:54:12 AM +02:00;;34454A;1000;2828;VLG9BU;ECMBF;A320;Medium;EBBR;LEAL;25R;CIV4G
ARR;9/29/2026 9:51:29 AM +02:00;9/29/2026 10:06:57 AM +02:00;9/29/2026 10:06:09 AM +02:00;30049F;1000;134;SIO619;IPBRB;F2TH;Medium;LFBO;EBBR;25R;ARVOL9A
DEP;9/29/2026 9:51:40 AM +02:00;9/29/2026 9:55:20 AM +02:00;;440589;1000;3854;EJU54YE;OELQM;A319;Medium;EBBR;LIRF;25R;SOPOK4G
ARR;9/29/2026 9:54:52 AM +02:00;9/29/2026 10:04:00 AM +02:00;9/29/2026 10:03:24 AM +02:00;44CE62;1000;1579;BEL4TQ;OOSSB;A319;Medium;LSZH;EBBR;25L;BATTY7A
DEP;9/29/2026 9:56:04 AM +02:00;9/29/2026 10:00:36 AM +02:00;;44CDC6;1000;514;BEL5EN;OOSNF;A320;Medium;EBBR;LEMD;25R;CIV4G
ARR;9/29/2026 9:57:04 AM +02:00;9/29/2026 10:06:36 AM +02:00;9/29/2026 10:05:21 AM +02:00;502D59;1000;2134;BEL2SC;YLABH;BCS3;Medium;LIMC;EBBR;25L;
DEP;9/29/2026 9:57:40 AM +02:00;9/29/2026 10:02:12 AM +02:00;;44CDC5;1000;1930;BEL8CE;OOSNE;A320;Medium;EBBR;EDDB;25R;SPI4G
ARR;9/29/2026 9:59:24 AM +02:00;9/29/2026 10:08:29 AM +02:00;9/29/2026 10:07:17 AM +02:00;4CAD96;1000;3023;SAS589;;A20N;Medium;ESSA;EBBR;25L;FLO2H
DEP;9/29/2026 10:00:56 AM +02:00;9/29/2026 10:05:21 AM +02:00;9/29/2026 10:01:16 AM +02:00;502D7C;7154;561;BEL1ZT;;BCS3;Medium;EBBR;EKCH;25R;NIK3G
ARR;9/29/2026 10:02:12 AM +02:00;9/29/2026 10:11:40 AM +02:00;9/29/2026 10:10:37 AM +02:00;4BB1ED;1000;3183;THY7RS;;A332;Heavy;LTFM;EBBR;25L;FLO2H
DEP;9/29/2026 10:03:36 AM +02:00;9/29/2026 10:08:08 AM +02:00;9/29/2026 10:04:00 AM +02:00;501C4B;1000;2156;CTN56E;;BCS1;Medium;EBBR;LDZA;25R;SOPOK4G
DEP;9/29/2026 10:04:28 AM +02:00;9/29/2026 10:09:05 AM +02:00;;AB5D2C;4416;2246;DAL141;N831MH;B764;Heavy;EBBR;KATL;25R;DENUT4G
ARR;9/29/2026 10:06:25 AM +02:00;9/29/2026 10:14:20 AM +02:00;;4D2226;1000;576;RYR2AA;9HQCJ;B738;Medium;LEMD;EBBR;25L;
DEP;9/29/2026 10:07:33 AM +02:00;9/29/2026 10:12:21 AM +02:00;9/29/2026 10:07:57 AM +02:00;44CE6C;7147;1597;BEL7GZ;OOSSL;A319;Medium;EBBR;EDDH;25R;NIK3G
DEP;9/29/2026 10:08:45 AM +02:00;9/29/2026 10:13:24 AM +02:00;;44CDCC;1000;3763;BEL2NM;OOSNL;A320;Medium;EBBR;LKPR;25R;SOPOK4G
DEP;9/29/2026 10:10:21 AM +02:00;9/29/2026 10:15:24 AM +02:00;;44CDCD;1000;1931;BEL5GR;OOSNM;A320;Medium;EBBR;EDDM;25R;SOPOK4G
DEP;9/29/2026 10:11:24 AM +02:00;9/29/2026 10:15:28 AM +02:00;9/29/2026 10:11:48 AM +02:00;44CC42;1000;643;BEL8WD;;A20N;Medium;EBBR;LFBO;25R;CIV4G
DEP;9/29/2026 10:12:20 AM +02:00;9/29/2026 10:15:52 AM +02:00;9/29/2026 10:12:48 AM +02:00;4B181B;1000;3253;SWR52Y;;A20N;Medium;EBBR;LSZH;25R;ROUSY4G
DEP;9/29/2026 10:13:24 AM +02:00;9/29/2026 10:17:21 AM +02:00;9/29/2026 10:13:49 AM +02:00;44CE75;1000;1284;BEL2JZ;OOSSU;A319;Medium;EBBR;ESSA;25R;NIK3G
DEP;9/29/2026 10:14:40 AM +02:00;9/29/2026 10:18:33 AM +02:00;9/29/2026 10:15:05 AM +02:00;C01A61;4427;3358;ACA833;CFJZS;B77W;Heavy;EBBR;CYUL;25R;DENUT4G
ARR;9/29/2026 10:14:52 AM +02:00;9/29/2026 10:23:48 AM +02:00;9/29/2026 10:22:44 AM +02:00;4692CE;1000;2676;AEE538;SXDVN;A320;Medium;LGTS;EBBR;25L;FLO2H
DEP;9/29/2026 10:17:00 AM +02:00;9/29/2026 10:20:41 AM +02:00;9/29/2026 10:17:00 AM +02:00;44CC46;4402;752;BEL2AH;;A20N;Medium;EBBR;EGLL;25R;HELEN4G
DEP;9/29/2026 10:18:32 AM +02:00;9/29/2026 10:22:44 AM +02:00;9/29/2026 10:19:01 AM +02:00;44D2AA;117;982;JAF85C;OOTUJ;B738;Medium;EBBR;HEMA;25R;SOPOK4G
DEP;9/29/2026 10:19:53 AM +02:00;9/29/2026 10:22:44 AM +02:00;9/29/2026 10:20:00 AM +02:00;44958B;7133;3813;AAB83E;OOELK;FA8X;Medium;EBBR;LEMG;25R;CIV4G
DEP;9/29/2026 10:20:49 AM +02:00;9/29/2026 10:25:32 AM +02:00;9/29/2026 10:21:25 AM +02:00;451D8C;116;2506;ASL39W;LZBUR;E190;Medium;EBBR;LYBE;25R;SOPOK4G
ARR;9/29/2026 10:21:20 AM +02:00;9/29/2026 10:29:57 AM +02:00;9/29/2026 10:29:01 AM +02:00;46B82B;1000;808;AEE2BR;SXNAK;A21N;Medium;LGAV;EBBR;25L;FLO2H
DEP;9/29/2026 10:22:36 AM +02:00;9/29/2026 10:26:56 AM +02:00;;4402A3;1000;1406;AUA22D;OELXE;A320;Medium;EBBR;LOWW;25R;SOPOK4G
DEP;9/29/2026 10:24:08 AM +02:00;9/29/2026 10:28:16 AM +02:00;9/29/2026 10:24:32 AM +02:00;502D28;1000;566;BTI60L;YLAAX;BCS3;Medium;EBBR;EVRA;25R;SPI4G
DEP;9/29/2026 10:25:48 AM +02:00;9/29/2026 10:30:24 AM +02:00;9/29/2026 10:25:48 AM +02:00;89653B;105;2918;ETD98V;A6BND;B789;Heavy;EBBR;OMAA;25R;SOPOK4G
DEP;9/29/2026 10:27:24 AM +02:00;9/29/2026 10:31:57 AM +02:00;;A0A54D;4414;3402;UAL973;N14019;B78X;Heavy;EBBR;KORD;25R;DENUT4G
DEP;9/29/2026 10:29:17 AM +02:00;9/29/2026 10:35:33 AM +02:00;9/29/2026 10:29:41 AM +02:00;C02EC1;4403;1920;ACA827;CFRSI;B789;Heavy;EBBR;CYYZ;25R;DENUT4G
ARR;9/29/2026 10:29:32 AM +02:00;9/29/2026 10:38:16 AM +02:00;9/29/2026 10:37:25 AM +02:00;44CE78;1000;867;BEL7DD;OOSSX;A319;Medium;EDDM;EBBR;25L;FLO2H
DEP;9/29/2026 10:31:40 AM +02:00;9/29/2026 10:36:28 AM +02:00;9/29/2026 10:31:40 AM +02:00;44D076;1000;3388;BEL8BK;OOTCV;A320;Medium;EBBR;LDSP;25R;SOPOK4G
ARR;9/29/2026 10:31:56 AM +02:00;9/29/2026 10:40:01 AM +02:00;;4CAE1F;1000;45;ITY156;;A21N;Medium;LIRF;EBBR;25L;FLO2H
DEP;9/29/2026 10:32:57 AM +02:00;9/29/2026 10:38:41 AM +02:00;9/29/2026 10:33:21 AM +02:00;44CE76;4407;1167;BEL5UB;OOSSV;A319;Medium;EBBR;EGCC;25R;DENUT4G
DEP;9/29/2026 10:34:04 AM +02:00;9/29/2026 10:39:32 AM +02:00;;44CCC2;115;2012;BEL4KE;OOSFB;A333;Heavy;EBBR;HRYR;25R;ROUSY4G
ARR;9/29/2026 10:34:49 AM +02:00;9/29/2026 10:44:13 AM +02:00;9/29/2026 10:43:00 AM +02:00;495153;1000;881;TAP640;;A21N;Medium;LPPT;EBBR;25L;ARVOL9A
DEP;9/29/2026 10:36:25 AM +02:00;9/29/2026 10:40:52 AM +02:00;9/29/2026 10:36:49 AM +02:00;4D251C;1000;678;RYR7EM;9HQEY;B738;Medium;EBBR;LEBL;25R;CIV4G
DEP;9/29/2026 10:37:41 AM +02:00;9/29/2026 10:42:20 AM +02:00;;4CAA5F;1000;2408;RYR5XV;EIEXD;B738;Medium;EBBR;LEPA;25R;ROUSY4G
ARR;9/29/2026 10:39:00 AM +02:00;9/29/2026 10:47:37 AM +02:00;9/29/2026 10:46:41 AM +02:00;44CE66;1000;665;BEL1GH;OOSSF;A319;Medium;LIML;EBBR;25L;FLO2H
DEP;9/29/2026 10:39:16 AM +02:00;9/29/2026 10:42:56 AM +02:00;9/29/2026 10:39:41 AM +02:00;4D22AB;101;3368;KMM423;9HNED;A20N;Medium;EBBR;LMML;25R;ROUSY4G
ARR;9/29/2026 10:39:45 AM +02:00;9/29/2026 10:49:37 AM +02:00;9/29/2026 10:48:33 AM +02:00;E8046F;1000;2155;TAM8156;;B789;Heavy;SBGR;EBBR;25L;ARVOL9A
DEP;9/29/2026 10:40:41 AM +02:00;9/29/2026 10:45:28 AM +02:00;;48AF09;1000;2868;LOT2LP;;B38M;Medium;EBBR;EPWA;25R;LNO4G
DEP;9/29/2026 10:41:53 AM +02:00;9/29/2026 10:45:57 AM +02:00;9/29/2026 10:42:17 AM +02:00;502CE5;7160;990;BTI98R;YLCSK;BCS3;Medium;EBBR;EETN;25R;NIK3G
DEP;9/29/2026 10:42:53 AM +02:00;9/29/2026 10:47:00 AM +02:00;;711469;112;424;KNE642;;A20N;Medium;EBBR;OEJN;25R;ROUSY4G
DEP;9/29/2026 10:45:41 AM +02:00;9/29/2026 10:51:00 AM +02:00;;44CCC3;102;443;BEL5RH;OOSFC;A333;Heavy;EBBR;HKJK;25R;ROUSY4G
DEP;9/29/2026 10:47:01 AM +02:00;9/29/2026 10:52:57 AM +02:00;9/29/2026 10:47:01 AM +02:00;44CCD1;4413;3138;BEL1CP;;A333;Heavy;EBBR;KJFK;25R;DENUT4G
ARR;9/29/2026 10:47:17 AM +02:00;9/29/2026 10:56:56 AM +02:00;9/29/2026 10:55:36 AM +02:00;4D2540;4772;1446;JTH49;;FA7X;Medium;EGWU;EBBR;25L;
DEP;9/29/2026 10:49:09 AM +02:00;9/29/2026 10:52:49 AM +02:00;9/29/2026 10:49:45 AM +02:00;486954;1000;2184;KLM96D;;E295;Medium;EBBR;EHAM;25R;HELEN4G
ARR;9/29/2026 10:50:37 AM +02:00;9/29/2026 10:59:04 AM +02:00;9/29/2026 10:57:56 AM +02:00;44CC45;1000;1939;BEL8PZ;;A20N;Medium;LFPG;EBBR;25L;ARVOL9A
DEP;9/29/2026 10:50:53 AM +02:00;9/29/2026 10:54:48 AM +02:00;9/29/2026 10:51:21 AM +02:00;44CC41;1000;1669;BEL1MG;OOSBA;A20N;Medium;EBBR;LPPR;25R;CIV4G
DEP;9/29/2026 10:51:49 AM +02:00;9/29/2026 10:57:16 AM +02:00;9/29/2026 10:52:13 AM +02:00;44CDCB;113;956;BEL3WF;OOSNK;A320;Medium;EBBR;LGAV;25R;SOPOK4G
DEP;9/29/2026 10:52:52 AM +02:00;9/29/2026 10:57:04 AM +02:00;;4CA295;4424;3454;EIN6AP;EIDEO;A320;Medium;EBBR;EIDW;25R;DENUT4G
DEP;9/29/2026 10:54:20 AM +02:00;9/29/2026 10:58:48 AM +02:00;;4D2265;4406;3259;RYR7FE;9HQDL;B738;Medium;EBBR;EIDW;25R;DENUT4G
DEP;9/29/2026 10:59:12 AM +02:00;9/29/2026 11:03:16 AM +02:00;9/29/2026 10:59:36 AM +02:00;44CE77;1000;2439;BEL5WE;OOSSW;A319;Medium;EBBR;LIML;25R;ROUSY4G
ARR;9/29/2026 11:00:17 AM +02:00;9/29/2026 11:08:04 AM +02:00;;44CDD1;1000;167;BEL4VL;;A320;Medium;LEPA;EBBR;25L;
DEP;9/29/2026 11:00:48 AM +02:00;9/29/2026 11:04:48 AM +02:00;9/29/2026 11:01:12 AM +02:00;44CE6A;1000;3964;BEL3DQ;OOSSJ;A319;Medium;EBBR;EDDF;25R;SPI4G
DEP;9/29/2026 11:02:32 AM +02:00;9/29/2026 11:07:04 AM +02:00;;44CDC8;1000;392;BEL6VP;OOSNH;A320;Medium;EBBR;LIPZ;25R;ROUSY4G
DEP;9/29/2026 11:03:32 AM +02:00;9/29/2026 11:07:45 AM +02:00;9/29/2026 11:04:00 AM +02:00;4CAC8E;7161;2365;SAS594;;A20N;Medium;EBBR;EKCH;25R;NIK3G
ARR;9/29/2026 11:05:17 AM +02:00;9/29/2026 11:14:52 AM +02:00;9/29/2026 11:13:36 AM +02:00;502D46;1000;3830;BEL4QA;YLABE;BCS3;Medium;LOWW;EBBR;25L;FLO2H
DEP;9/29/2026 11:05:25 AM +02:00;9/29/2026 11:09:21 AM +02:00;9/29/2026 11:05:48 AM +02:00;4CAD96;1000;2128;SAS77A;;A20N;Medium;EBBR;ESSA;25R;NIK3G
DEP;9/29/2026 11:07:44 AM +02:00;9/29/2026 11:11:21 AM +02:00;9/29/2026 11:08:08 AM +02:00;400A7C;4412;1845;BAW385;GDBCC;A319;Medium;EBBR;EGLL;25R;HELEN4G
ARR;9/29/2026 11:08:53 AM +02:00;9/29/2026 11:17:37 AM +02:00;9/29/2026 11:16:36 AM +02:00;3420CB;1000;3626;IBE05LL;ECIZH;A320;Medium;LEMD;EBBR;25L;ARVOL9A
ARR;9/29/2026 11:09:52 AM +02:00;9/29/2026 11:19:28 AM +02:00;9/29/2026 11:18:21 AM +02:00;4BD8CA;1000;2388;TKJ1KE;;B38M;Medium;LTFJ;EBBR;25L;BATTY7A
DEP;9/29/2026 11:10:08 AM +02:00;9/29/2026 11:14:48 AM +02:00;;34860C;1000;262;AEA45BT;;B38M;Medium;EBBR;LEMD;25R;CIV4G
DEP;9/29/2026 11:11:36 AM +02:00;9/29/2026 11:17:04 AM +02:00;;020124;7115;765;MAC116Q;CNNMJ;A320;Medium;EBBR;GMMW;25R;CIV4G
DEP;9/29/2026 11:13:44 AM +02:00;9/29/2026 11:18:32 AM +02:00;;4D2226;1000;1563;RYR29DB;9HQCJ;B738;Medium;EBBR;LEMD;25R;CIV4G
DEP;9/29/2026 11:14:56 AM +02:00;9/29/2026 11:19:32 AM +02:00;9/29/2026 11:15:20 AM +02:00;44CE62;1000;651;BEL5CG;OOSSB;A319;Medium;EBBR;LFMN;25R;ROUSY4G
DEP;9/29/2026 11:16:24 AM +02:00;9/29/2026 11:21:24 AM +02:00;9/29/2026 11:16:48 AM +02:00;502D59;1000;3102;BEL3JY;YLABH;BCS3;Medium;EBBR;LFLL;25R;CIV4G
DEP;9/29/2026 11:21:24 AM +02:00;9/29/2026 11:26:53 AM +02:00;;A0F427;4420;1555;UAL995;N16008;B78X;Heavy;EBBR;KEWR;25R;DENUT4G
ARR;9/29/2026 11:26:17 AM +02:00;9/29/2026 11:35:56 AM +02:00;9/29/2026 11:35:08 AM +02:00;0200FB;1000;2725;RAM672S;CNRGK;B738;Medium;GMTT;EBBR;25L;ARVOL9A
DEP;9/29/2026 11:28:04 AM +02:00;9/29/2026 11:33:32 AM +02:00;;44CCD8;7137;2500;BEL8AN;OOSFX;A333;Heavy;EBBR;GOBD;25R;CIV4G
ARR;9/29/2026 11:28:49 AM +02:00;9/29/2026 11:38:04 AM +02:00;9/29/2026 11:37:00 AM +02:00;44D071;1000;3657;BEL9PW;OOTCQ;A320;Medium;LEAL;EBBR;25L;ARVOL9A
DEP;9/29/2026 11:30:24 AM +02:00;9/29/2026 11:36:28 AM +02:00;;44CCC6;7120;4011;BEL6ZD;OOSFF;A333;Heavy;EBBR;DFFD;25R;CIV4G
DEP;9/29/2026 11:34:48 AM +02:00;9/29/2026 11:38:20 AM +02:00;;461FA0;7124;3055;FIN8CA;OHLZK;A321;Medium;EBBR;EFHK;25R;NIK3G
DEP;9/29/2026 11:35:48 AM +02:00;9/29/2026 11:40:00 AM +02:00;9/29/2026 11:36:16 AM +02:00;4692CE;103;1740;AEE539;SXDVN;A320;Medium;EBBR;LGTS;25R;SOPOK4G
DEP;9/29/2026 11:39:28 AM +02:00;9/29/2026 11:43:40 AM +02:00;9/29/2026 11:39:52 AM +02:00;44CE78;4425;3183;BEL4OZ;OOSSX;A319;Medium;EBBR;EGPH;25R;DENUT4G
DEP;9/29/2026 11:47:52 AM +02:00;9/29/2026 11:53:32 AM +02:00;;4BB1ED;114;252;THY7WF;;A332;Heavy;EBBR;LTFM;25R;SOPOK4G
DEP;9/29/2026 11:49:57 AM +02:00;9/29/2026 11:54:40 AM +02:00;9/29/2026 11:50:21 AM +02:00;4BD8AC;104;324;THY6553;TCVEL;A310;Heavy;EBBR;LTFM;25R;SOPOK4G
ARR;9/29/2026 11:51:13 AM +02:00;9/29/2026 12:00:32 PM +02:00;9/29/2026 11:59:36 AM +02:00;44D1C2;1000;3789;JAF66L;OOTNB;B738;Medium;LEAL;EBBR;25L;KERKY2H
DEP;9/29/2026 11:53:20 AM +02:00;9/29/2026 11:57:08 AM +02:00;;4CAE1F;1000;732;ITY159;;A21N;Medium;EBBR;LIRF;25R;ROUSY4G
DEP;9/29/2026 11:55:08 AM +02:00;9/29/2026 12:00:20 PM +02:00;;46B82B;116;3421;AEE3BR;SXNAK;A21N;Medium;EBBR;LGAV;25R;SOPOK4G
ARR;9/29/2026 11:55:20 AM +02:00;9/29/2026 12:03:56 PM +02:00;9/29/2026 12:03:08 PM +02:00;440406;4113;3105;TSW7M;OEIOE;C25M;Light;EDDS;EBBR;25L;
DEP;9/29/2026 11:59:04 AM +02:00;9/29/2026 12:04:12 PM +02:00;;76CDA2;117;297;SIA303;9VSMB;A359;Heavy;EBBR;WSSS;25R;SOPOK4G
DEP;9/29/2026 12:04:12 PM +02:00;9/29/2026 12:08:16 PM +02:00;;495153;7116;2759;TAP641;;A21N;Medium;EBBR;LPPT;25R;CIV4G
ARR;9/29/2026 12:04:28 PM +02:00;9/29/2026 12:14:17 PM +02:00;9/29/2026 12:13:08 PM +02:00;440C5A;1000;835;ABB886;OELFD;B748;Heavy;UTAA;EBBR;25R;
DEP;9/29/2026 12:11:20 PM +02:00;9/29/2026 12:15:08 PM +02:00;;48E87F;1000;3315;ENT579P;;B738;Medium;EBBR;LFSL;25R;CIV4G
DEP;9/29/2026 12:15:05 PM +02:00;9/29/2026 12:21:16 PM +02:00;;44CCC7;105;1602;BEL8VB;OOSFG;A333;Heavy;EBBR;FKKD;25R;ROUSY4G
ARR;9/29/2026 12:15:05 PM +02:00;9/29/2026 12:24:12 PM +02:00;9/29/2026 12:23:40 PM +02:00;0201A2;1000;2589;RAM838J;;B38M;Medium;GMMN;EBBR;25L;KERKY2H
DEP;9/29/2026 12:17:33 PM +02:00;9/29/2026 12:23:00 PM +02:00;9/29/2026 12:18:01 PM +02:00;502D46;7121;2432;BEL6EP;YLABE;BCS3;Medium;EBBR;LEMG;25R;CIV4G
DEP;9/29/2026 12:18:57 PM +02:00;9/29/2026 12:22:48 PM +02:00;9/29/2026 12:19:25 PM +02:00;44CC45;1000;2376;BEL1851;;A20N;Medium;EBBR;LICJ;25R;ROUSY4G
ARR;9/29/2026 12:19:12 PM +02:00;9/29/2026 12:27:45 PM +02:00;9/29/2026 12:27:04 PM +02:00;44CE61;1000;2151;BEL9HR;OOSSA;A319;Medium;LSGG;EBBR;25L;FLO2H
ARR;9/29/2026 12:19:33 PM +02:00;9/29/2026 12:29:48 PM +02:00;9/29/2026 12:28:48 PM +02:00;44D1B4;1000;2717;JAF3NE;;B38M;Medium;LEMG;EBBR;25L;
DEP;9/29/2026 12:20:20 PM +02:00;9/29/2026 12:25:21 PM +02:00;;7812A0;7106;1367;CHH7922;B1341;B789;Heavy;EBBR;ZSPD;25R;NIK3G
ARR;9/29/2026 12:23:13 PM +02:00;9/29/2026 12:33:12 PM +02:00;9/29/2026 12:32:04 PM +02:00;44CC48;1000;1462;BEL8CZ;;A20N;Medium;LEMG;EBBR;25L;
DEP;9/29/2026 12:27:04 PM +02:00;9/29/2026 12:33:08 PM +02:00;9/29/2026 12:27:29 PM +02:00;44CCC5;7101;1873;BEL37K;OOSFE;A333;Heavy;EBBR;FZAA;25R;CIV4G
ARR;9/29/2026 12:30:16 PM +02:00;9/29/2026 12:38:41 PM +02:00;9/29/2026 12:37:52 PM +02:00;44D1A2;1000;84;JAF3EM;OOTMB;B38M;Medium;LGKR;EBBR;25L;FLO2H
ARR;9/29/2026 12:31:29 PM +02:00;9/29/2026 12:40:24 PM +02:00;;06A30D;2276;655;QTR91Y;A7BFZ;B77L;Heavy;KORD;EBBR;25R;KERKY2R
DEP;9/29/2026 12:32:28 PM +02:00;9/29/2026 12:37:21 PM +02:00;;A290D0;4410;2257;UAL951;N2644U;B77W;Heavy;EBBR;KIAD;25R;DENUT4G
ARR;9/29/2026 12:33:20 PM +02:00;9/29/2026 12:42:04 PM +02:00;;44CE79;1000;750;BEL9EL;;A319;Medium;LIRF;EBBR;25L;FLO2H
ARR;9/29/2026 12:34:05 PM +02:00;9/29/2026 12:45:17 PM +02:00;9/29/2026 12:44:01 PM +02:00;4853D3;1000;1948;TRA94J;PHHXJ;B738;Medium;LEAL;EBBR;25L;
DEP;9/29/2026 12:34:44 PM +02:00;9/29/2026 12:40:32 PM +02:00;;44CCC4;7113;3593;BEL27A;OOSFD;A333;Heavy;EBBR;DGAA;25R;CIV4G
ARR;9/29/2026 12:38:53 PM +02:00;9/29/2026 12:47:12 PM +02:00;9/29/2026 12:46:21 PM +02:00;44CE6C;1333;3799;BEL5MQ;OOSSL;A319;Medium;EDDH;EBBR;25L;WOODY9A
DEP;9/29/2026 12:42:32 PM +02:00;9/29/2026 12:46:52 PM +02:00;;4BD8CA;115;2884;TKJ8UY;;B38M;Medium;EBBR;LTFJ;25R;SOPOK4G
ARR;9/29/2026 12:48:01 PM +02:00;9/29/2026 12:56:57 PM +02:00;;3CD5C4;4135;3918;DCS607;;C56X;Medium;EDTY;EBBR;25L;
ARR;9/29/2026 12:51:44 PM +02:00;9/29/2026 1:00:24 PM +02:00;9/29/2026 12:59:36 PM +02:00;44CDC9;1000;3311;BEL5UC;OOSNI;A320;Medium;LIRN;EBBR;25L;
DEP;9/29/2026 12:53:00 PM +02:00;9/29/2026 12:57:24 PM +02:00;9/29/2026 12:53:25 PM +02:00;44CDD1;1000;2455;BEL6JW;;A320;Medium;EBBR;LEIB;25R;CIV4G
DEP;9/29/2026 12:54:53 PM +02:00;9/29/2026 12:59:12 PM +02:00;;0200FB;7130;3012;RAM673S;CNRGK;B738;Medium;EBBR;GMTT;25R;CIV4G
DEP;9/29/2026 12:59:48 PM +02:00;9/29/2026 1:04:24 PM +02:00;9/29/2026 1:00:12 PM +02:00;3420CB;7132;3677;IBE05SM;ECIZH;A320;Medium;EBBR;LEMD;25R;CIV4G
ARR;9/29/2026 1:00:12 PM +02:00;9/29/2026 1:09:08 PM +02:00;9/29/2026 1:07:56 PM +02:00;44CC46;2227;3969;BEL1LH;;A20N;Medium;EGLL;EBBR;25L;KOK9A
ARR;9/29/2026 1:01:16 PM +02:00;9/29/2026 1:10:08 PM +02:00;9/29/2026 1:09:28 PM +02:00;4BAA55;1000;1797;THY60S;TCJRU;A321;Medium;LTFM;EBBR;25L;FLO2H
DEP;9/29/2026 1:03:04 PM +02:00;9/29/2026 1:08:20 PM +02:00;;780DFD;7156;450;CCA964;B6101;A333;Heavy;EBBR;ZBAA;25R;SPI4G
ARR;9/29/2026 1:04:08 PM +02:00;9/29/2026 1:12:48 PM +02:00;9/29/2026 1:11:52 PM +02:00;44CDC5;1000;2640;BEL4NK;OOSNE;A320;Medium;EDDB;EBBR;25L;FLO2H
DEP;9/29/2026 1:05:36 PM +02:00;9/29/2026 1:11:52 PM +02:00;9/29/2026 1:05:36 PM +02:00;44CCD0;7134;4087;BEL7WR;OOSFP;A333;Heavy;EBBR;GFLL;25R;CIV4G
ARR;9/29/2026 1:06:44 PM +02:00;9/29/2026 1:14:56 PM +02:00;9/29/2026 1:14:00 PM +02:00;44CDCC;1000;535;BEL47P;OOSNL;A320;Medium;LKPR;EBBR;25L;BATTY7A
DEP;9/29/2026 1:07:56 PM +02:00;9/29/2026 1:13:04 PM +02:00;;76CCCD;7104;2762;SIA7975;9VSFM;B744;Heavy;EBBR;VOBL;25R;LNO4K
ARR;9/29/2026 1:09:32 PM +02:00;9/29/2026 1:16:44 PM +02:00;;44CDCD;1000;3603;BEL9FU;OOSNM;A320;Medium;EDDM;EBBR;25L;BATTY7A
DEP;9/29/2026 1:15:48 PM +02:00;9/29/2026 1:20:44 PM +02:00;;789234;102;3293;CPA294;BLQB;A359;Heavy;EBBR;VHHH;25R;SOPOK4G
ARR;9/29/2026 1:18:41 PM +02:00;9/29/2026 1:29:37 PM +02:00;9/29/2026 1:28:40 PM +02:00;44CE76;4664;2993;BEL8MP;OOSSV;A319;Medium;EGCC;EBBR;25L;KOK9A
ARR;9/29/2026 1:19:04 PM +02:00;9/29/2026 1:27:44 PM +02:00;9/29/2026 1:26:57 PM +02:00;44CE6A;1000;644;BEL4KY;OOSSJ;A319;Medium;EDDF;EBBR;25L;FLO2H
ARR;9/29/2026 1:21:57 PM +02:00;9/29/2026 1:31:12 PM +02:00;9/29/2026 1:30:09 PM +02:00;502D7C;741;2883;BEL2JE;;BCS3;Medium;EKCH;EBBR;25L;BATTY7A
ARR;9/29/2026 1:23:09 PM +02:00;9/29/2026 1:33:09 PM +02:00;9/29/2026 1:32:09 PM +02:00;44D1A6;1000;3324;JAF4JK;;B38M;Medium;LEJR;EBBR;25L;ARVOL9A
ARR;9/29/2026 1:26:57 PM +02:00;9/29/2026 1:36:25 PM +02:00;9/29/2026 1:35:13 PM +02:00;46DCA2;1000;2533;SEH8BR;SXWEB;A20N;Medium;LGAV;EBBR;25L;FLO2H
DEP;9/29/2026 1:31:45 PM +02:00;9/29/2026 1:36:33 PM +02:00;;78110D;7164;3533;CHH492;B7302;B789;Heavy;EBBR;ZBAA;25R;NIK3G
DEP;9/29/2026 1:33:57 PM +02:00;9/29/2026 1:39:08 PM +02:00;;0201A2;7126;1573;RAM839J;;B38M;Medium;EBBR;GMMN;25R;CIV4G
ARR;9/29/2026 1:34:01 PM +02:00;9/29/2026 1:41:45 PM +02:00;;44CC47;1000;3281;BEL7YC;;A20N;Medium;LIRQ;EBBR;25L;FLO2H
DEP;9/29/2026 1:35:33 PM +02:00;9/29/2026 1:40:24 PM +02:00;;E8046F;7145;550;TAM8157;;B789;Heavy;EBBR;SBGR;25R;CIV4G
ARR;9/29/2026 1:43:04 PM +02:00;9/29/2026 1:52:36 PM +02:00;9/29/2026 1:51:36 PM +02:00;44CC42;1000;1412;BEL4UG;;A20N;Medium;LFBO;EBBR;25L;ARVOL9A
DEP;9/29/2026 1:45:56 PM +02:00;9/29/2026 1:49:48 PM +02:00;9/29/2026 1:46:13 PM +02:00;44CE61;1000;3668;BEL5NZ;OOSSA;A319;Medium;EBBR;LIPE;25R;ROUSY4G
DEP;9/29/2026 1:47:40 PM +02:00;9/29/2026 1:50:56 PM +02:00;9/29/2026 1:48:04 PM +02:00;44D1C2;114;3718;JAF25B;OOTNB;B738;Medium;EBBR;LGZA;25R;ROUSY4G
ARR;9/29/2026 1:48:28 PM +02:00;9/29/2026 1:56:33 PM +02:00;;4402A3;1000;1884;AUA293;OELXE;A320;Medium;LOWW;EBBR;25L;FLO2H
DEP;9/29/2026 1:49:24 PM +02:00;9/29/2026 1:54:00 PM +02:00;9/29/2026 1:49:48 PM +02:00;44CE79;1000;91;BEL7LF;;A319;Medium;EBBR;EDDM;25R;SOPOK4G
DEP;9/29/2026 1:50:24 PM +02:00;9/29/2026 1:54:56 PM +02:00;;4853D3;7163;49;TRA6U;PHHXJ;B738;Medium;EBBR;GMAD;25R;CIV4G
ARR;9/29/2026 1:50:40 PM +02:00;9/29/2026 1:59:17 PM +02:00;9/29/2026 1:58:28 PM +02:00;34560D;1000;2351;VLG250G;ECMVD;A320;Medium;LEVC;EBBR;25L;ARVOL9A
DEP;9/29/2026 1:51:36 PM +02:00;9/29/2026 1:55:04 PM +02:00;9/29/2026 1:51:36 PM +02:00;4D02A1;1000;3328;JFA99X;LXZAP;PC24;Medium;EBBR;LSZA;25R;SPI4G
ARR;9/29/2026 1:52:52 PM +02:00;9/29/2026 2:01:29 PM +02:00;9/29/2026 2:00:32 PM +02:00;44D1BA;1000;1720;JAF5KH;OOTMZ;B38M;Medium;LGKO;EBBR;25L;FLO2H
DEP;9/29/2026 1:53:20 PM +02:00;9/29/2026 1:57:04 PM +02:00;9/29/2026 1:53:44 PM +02:00;44CE6C;1000;2014;BEL2PN;OOSSL;A319;Medium;EBBR;EDDM;25R;SOPOK4G
ARR;9/29/2026 1:54:53 PM +02:00;9/29/2026 2:07:05 PM +02:00;9/29/2026 2:06:01 PM +02:00;781EC1;3510;1532;CSC9605;;A333;Heavy;UUEE;EBBR;25L;WOODY9A
DEP;9/29/2026 1:58:53 PM +02:00;9/29/2026 2:03:36 PM +02:00;9/29/2026 1:59:17 PM +02:00;44CC48;7142;3538;BEL7QJ;;A20N;Medium;EBBR;GCTS;25R;CIV4G
DEP;9/29/2026 2:01:33 PM +02:00;9/29/2026 2:05:28 PM +02:00;;44CDCE;1000;2323;BEL8NY;OOSNN;A320;Medium;EBBR;LFMN;19 ;ROUSY1L
DEP;9/29/2026 2:09:41 PM +02:00;9/29/2026 2:14:36 PM +02:00;9/29/2026 2:09:41 PM +02:00;44D1A2;104;1895;JAF6JG;OOTMB;B38M;Medium;EBBR;HEGN;19 ;SOPOK9L
ARR;9/29/2026 2:09:52 PM +02:00;9/29/2026 2:18:41 PM +02:00;9/29/2026 2:17:37 PM +02:00;44CC43;1000;1646;BEL9VN;;A20N;Medium;LGIR;EBBR;25L;FLO2H
ARR;9/29/2026 2:12:37 PM +02:00;9/29/2026 2:21:37 PM +02:00;9/29/2026 2:20:29 PM +02:00;503E61;3266;1706;CAI3GV;LYLGA;A320;Medium;LTAI;EBBR;25L;FLO2H
ARR;9/29/2026 2:14:25 PM +02:00;9/29/2026 2:23:21 PM +02:00;9/29/2026 2:22:45 PM +02:00;4B028D;1000;2004;SWR74D;HBAZD;E290;Medium;LSZH;EBBR;25L;FLO2H
DEP;9/29/2026 2:14:41 PM +02:00;9/29/2026 2:19:32 PM +02:00;;44D1B4;1000;199;JAF4NV;;B38M;Medium;EBBR;LEAL;19 ;CIV3L
ARR;9/29/2026 2:15:53 PM +02:00;9/29/2026 2:25:01 PM +02:00;;502D59;1000;3617;BEL4SF;YLABH;BCS3;Medium;LFLL;EBBR;25L;ARVOL9A
ARR;9/29/2026 2:18:01 PM +02:00;9/29/2026 2:28:08 PM +02:00;9/29/2026 2:27:40 PM +02:00;33FCA3;1000;1568;IAM3170;;GLF6;Medium;LIRA;EBMB;25L;BATTY7A
ARR;9/29/2026 2:21:57 PM +02:00;9/29/2026 2:32:41 PM +02:00;;34604B;1000;532;ANE1299;ECMVZ;CRJX;Medium;LEMD;EBBR;25L;ARVOL9A
DEP;9/29/2026 2:23:29 PM +02:00;9/29/2026 2:27:52 PM +02:00;;44CDC9;1000;803;BEL4RE;OOSNI;A320;Medium;EBBR;LEBB;19 ;CIV3L
ARR;9/29/2026 2:27:44 PM +02:00;9/29/2026 2:36:49 PM +02:00;9/29/2026 2:35:36 PM +02:00;44CC44;1000;1244;BEL6QG;;A20N;Medium;LGRP;EBBR;25L;FLO2H
ARR;9/29/2026 2:32:24 PM +02:00;9/29/2026 2:40:32 PM +02:00;9/29/2026 2:39:41 PM +02:00;44CE77;1000;4033;BEL3LZ;OOSSW;A319;Medium;LIML;EBBR;25L;FLO2H
DEP;9/29/2026 2:33:41 PM +02:00;9/29/2026 2:38:28 PM +02:00;;44D071;1000;2870;BEL3KK;OOTCQ;A320;Medium;EBBR;LEMD;19 ;CIV3L
ARR;9/29/2026 2:36:28 PM +02:00;9/29/2026 2:45:40 PM +02:00;9/29/2026 2:44:32 PM +02:00;74482C;1000;1729;RJA141;;A20N;Medium;OJAI;EBBR;25L;FLO2H
DEP;9/29/2026 2:36:49 PM +02:00;9/29/2026 2:41:52 PM +02:00;;44CDC5;7165;1036;BEL4EW;OOSNE;A320;Medium;EBBR;GCLP;19 ;CIV3L
ARR;9/29/2026 2:38:28 PM +02:00;9/29/2026 2:47:13 PM +02:00;9/29/2026 2:46:13 PM +02:00;44CDC8;1000;3838;BEL1EV;OOSNH;A320;Medium;LIPZ;EBBR;25L;FLO2H
DEP;9/29/2026 2:38:29 PM +02:00;9/29/2026 2:42:48 PM +02:00;9/29/2026 2:38:57 PM +02:00;46DCA2;107;3999;SEH8BX;SXWEB;A20N;Medium;EBBR;LGAV;25R;ROUSY4G
ARR;9/29/2026 2:38:57 PM +02:00;9/29/2026 2:48:21 PM +02:00;;4952D3;2235;1695;TAP64BR;;A20N;Medium;LPPT;EBBR;25L;ARVOL9A
DEP;9/29/2026 2:39:29 PM +02:00;9/29/2026 2:43:28 PM +02:00;9/29/2026 2:39:57 PM +02:00;44CDCC;1000;3992;BEL3CP;OOSNL;A320;Medium;EBBR;LPPR;25R;CIV4G
DEP;9/29/2026 2:40:52 PM +02:00;9/29/2026 2:44:57 PM +02:00;9/29/2026 2:41:20 PM +02:00;44CE76;1000;648;BEL4BP;OOSSV;A319;Medium;EBBR;ESSA;25R;NIK3G
ARR;9/29/2026 2:41:32 PM +02:00;9/29/2026 2:50:24 PM +02:00;9/29/2026 2:49:41 PM +02:00;44A826;1000;1301;JAF63N;OOJAF;B738;Medium;LEPA;EBBR;25L;FLO2H
DEP;9/29/2026 2:42:08 PM +02:00;9/29/2026 2:46:36 PM +02:00;9/29/2026 2:42:28 PM +02:00;502D7C;1000;1196;BEL2SR;;BCS3;Medium;EBBR;EDDF;25R;SPI4G
DEP;9/29/2026 2:43:49 PM +02:00;9/29/2026 2:47:44 PM +02:00;;06A30D;116;1253;QTR91Y;A7BFZ;B77L;Heavy;EBBR;OTHH;25R;SOPOK4G
ARR;9/29/2026 2:44:36 PM +02:00;9/29/2026 2:52:28 PM +02:00;;498422;1000;3404;CEF08;2801;A319;Medium;LKKB;EBBR;25L;FLO2H
ARR;9/29/2026 2:45:53 PM +02:00;9/29/2026 2:54:57 PM +02:00;9/29/2026 2:54:21 PM +02:00;48548E;1000;3474;KLM83V;PHEXL;E75L;Medium;EHAM;EBBR;25L;WOODY9A
ARR;9/29/2026 2:46:45 PM +02:00;9/29/2026 2:56:33 PM +02:00;;40095D;2036;1475;BAW386;GTTOB;A320;Medium;EGLL;EBBR;25L;KOK9A
DEP;9/29/2026 2:47:41 PM +02:00;9/29/2026 2:52:56 PM +02:00;;4BAA55;117;613;THY8LQ;TCJRU;A321;Medium;EBBR;LTFM;25R;SOPOK4G
DEP;9/29/2026 2:50:32 PM +02:00;9/29/2026 2:55:13 PM +02:00;;407EA0;4415;1609;DHK842;;B763;Heavy;EBBR;EGNX;25R;DENUT4G
ARR;9/29/2026 2:50:41 PM +02:00;9/29/2026 2:59:13 PM +02:00;9/29/2026 2:58:13 PM +02:00;44CE75;1000;3694;BEL6UA;OOSSU;A319;Medium;ESSA;EBBR;25L;WOODY9A
ARR;9/29/2026 2:52:12 PM +02:00;9/29/2026 3:00:48 PM +02:00;9/29/2026 3:00:09 PM +02:00;44D076;1000;2454;BEL9DK;OOTCV;A320;Medium;LDSP;EBBR;25L;FLO2H
ARR;9/29/2026 2:53:00 PM +02:00;9/29/2026 3:02:17 PM +02:00;9/29/2026 3:01:36 PM +02:00;44CDC6;1000;3394;BEL7AD;OOSNF;A320;Medium;LEMD;EBBR;25L;ARVOL9A
ARR;9/29/2026 2:55:00 PM +02:00;9/29/2026 3:03:37 PM +02:00;;3C4593;3202;1000;BOX547;DAALS;B77L;Heavy;VHHH;EBBR;25R;FLO2R
ARR;9/29/2026 2:56:40 PM +02:00;9/29/2026 3:05:17 PM +02:00;9/29/2026 3:04:33 PM +02:00;44CE62;1000;2236;BEL6HF;OOSSB;A319;Medium;LFMN;EBBR;25L;FLO2H
DEP;9/29/2026 2:57:33 PM +02:00;9/29/2026 3:01:24 PM +02:00;;484C9B;7105;1980;TRA89Z;PHHXM;B738;Medium;EBBR;LEMG;25R;CIV4G
ARR;9/29/2026 2:58:49 PM +02:00;9/29/2026 3:07:29 PM +02:00;9/29/2026 3:06:41 PM +02:00;44CE78;4640;102;BEL23U;OOSSX;A319;Medium;EGPH;EBBR;25L;WOODY9A
ARR;9/29/2026 3:00:16 PM +02:00;9/29/2026 3:08:45 PM +02:00;9/29/2026 3:08:01 PM +02:00;4ACAA6;3524;2795;SAS1593;SERUF;A20N;Medium;EKCH;EBBR;25L;FLO2H
DEP;9/29/2026 3:01:40 PM +02:00;9/29/2026 3:05:40 PM +02:00;;34560D;1000;2185;VLG359E;ECMVD;A320;Medium;EBBR;LEVC;25R;CIV4G
DEP;9/29/2026 3:05:05 PM +02:00;9/29/2026 3:09:05 PM +02:00;9/29/2026 3:05:05 PM +02:00;44CC42;7140;3580;BEL7NO;;A20N;Medium;EBBR;GCRR;25R;CIV4G
ARR;9/29/2026 3:07:05 PM +02:00;9/29/2026 3:16:25 PM +02:00;9/29/2026 3:15:29 PM +02:00;449683;1000;1587;JAF11G;;E295;Medium;LGRP;EBBR;25L;
DEP;9/29/2026 3:09:05 PM +02:00;9/29/2026 3:12:40 PM +02:00;9/29/2026 3:09:05 PM +02:00;44CC47;1000;328;BEL8KA;;A20N;Medium;EBBR;LIRF;25R;SOPOK4G
DEP;9/29/2026 3:10:45 PM +02:00;9/29/2026 3:14:29 PM +02:00;9/29/2026 3:11:13 PM +02:00;44CDCD;1000;1335;BEL6PR;OOSNM;A320;Medium;EBBR;LHBP;25R;SOPOK4G
ARR;9/29/2026 3:11:21 PM +02:00;9/29/2026 3:20:13 PM +02:00;9/29/2026 3:19:05 PM +02:00;02A263;1000;1183;TAR954;;A320;Medium;DTTA;EBBR;25L;
DEP;9/29/2026 3:12:33 PM +02:00;9/29/2026 3:16:32 PM +02:00;9/29/2026 3:12:57 PM +02:00;44CE6A;1000;1125;BEL9SE;OOSSJ;A319;Medium;EBBR;LSGG;25R;SOPOK4G
DEP;9/29/2026 3:14:29 PM +02:00;9/29/2026 3:18:56 PM +02:00;;4402A3;1000;691;AUA294P;OELXE;A320;Medium;EBBR;LOWW;25R;SOPOK4G
DEP;9/29/2026 3:16:01 PM +02:00;9/29/2026 3:20:20 PM +02:00;9/29/2026 3:16:37 PM +02:00;4B028D;1000;2867;SWR15Y;HBAZD;E290;Medium;EBBR;LSZH;25R;SOPOK4G
DEP;9/29/2026 3:26:09 PM +02:00;9/29/2026 3:30:20 PM +02:00;;44CC46;105;1991;BEL3ND;;A20N;Medium;EBBR;HEGN;25R;SOPOK4G
ARR;9/29/2026 3:28:09 PM +02:00;9/29/2026 3:37:05 PM +02:00;9/29/2026 3:36:21 PM +02:00;485A86;1000;2053;JAF12M;PHTFU;B38M;Medium;GCTS;EBBR;25L;ARVOL9A
DEP;9/29/2026 3:28:33 PM +02:00;9/29/2026 3:32:48 PM +02:00;;44CDCA;1000;3768;BEL5XD;OOSNJ;A320;Medium;EBBR;EPWA;25R;LNO4G
ARR;9/29/2026 3:30:49 PM +02:00;9/29/2026 3:40:04 PM +02:00;9/29/2026 3:39:17 PM +02:00;484B6E;1000;3966;TRA64E;PHHXL;B738;Medium;GCTS;EBBR;25L;ARVOL9A
DEP;9/29/2026 3:31:13 PM +02:00;9/29/2026 3:35:05 PM +02:00;9/29/2026 3:31:41 PM +02:00;44CC43;7141;1982;BEL9EU;;A20N;Medium;EBBR;ENGM;25R;NIK3G
ARR;9/29/2026 3:34:57 PM +02:00;9/29/2026 3:43:33 PM +02:00;9/29/2026 3:42:45 PM +02:00;4BBD07;1000;455;TKJ22D;;B38M;Medium;LTFJ;EBBR;25L;FLO2H
ARR;9/29/2026 3:37:01 PM +02:00;9/29/2026 3:45:17 PM +02:00;9/29/2026 3:44:12 PM +02:00;44CE6F;2213;599;BEL4UT;OOSSO;A319;Medium;LPFR;EBBR;25L;
DEP;9/29/2026 3:37:25 PM +02:00;9/29/2026 3:41:56 PM +02:00;;503E61;115;3500;CXI4F;LYLGA;A320;Medium;EBBR;LGIR;25R;SOPOK4G
DEP;9/29/2026 3:38:41 PM +02:00;9/29/2026 3:43:28 PM +02:00;;34604B;1000;1385;ANE1300;ECMVZ;CRJX;Medium;EBBR;LEMD;25R;CIV4G
DEP;9/29/2026 3:41:41 PM +02:00;9/29/2026 3:45:33 PM +02:00;;44D2AB;7117;2136;JAF86A;OOTUK;B738;Medium;EBBR;GMMW;25R;CIV4G
DEP;9/29/2026 3:45:09 PM +02:00;9/29/2026 3:49:12 PM +02:00;;44CE66;1000;3973;BEL9QH;OOSSF;A319;Medium;EBBR;LEBL;25R;CIV4G
DEP;9/29/2026 3:46:37 PM +02:00;9/29/2026 3:50:09 PM +02:00;9/29/2026 3:47:13 PM +02:00;48548E;1000;1761;KLM82A;PHEXL;E75L;Medium;EBBR;EHAM;25R;HELEN4G
DEP;9/29/2026 3:48:21 PM +02:00;9/29/2026 3:52:52 PM +02:00;9/29/2026 3:48:45 PM +02:00;44D1BA;7112;1078;JAF3FD;OOTMZ;B38M;Medium;EBBR;DAAG;25R;CIV4G
DEP;9/29/2026 3:51:12 PM +02:00;9/29/2026 3:56:28 PM +02:00;;44B0C3;7122;695;ABB870;;B748;Heavy;EBBR;ZUUU;25R;LNO4K
DEP;9/29/2026 3:53:40 PM +02:00;9/29/2026 3:57:21 PM +02:00;9/29/2026 3:54:09 PM +02:00;44CE77;7151;616;BEL7WA;OOSSW;A319;Medium;EBBR;EKCH;25R;NIK3G
DEP;9/29/2026 3:55:04 PM +02:00;9/29/2026 3:58:48 PM +02:00;9/29/2026 3:55:21 PM +02:00;498422;1000;813;CEF05T;2801;A319;Medium;EBBR;LKKB;25R;SOPOK4G
DEP;9/29/2026 3:56:36 PM +02:00;9/29/2026 4:01:36 PM +02:00;9/29/2026 3:57:05 PM +02:00;44D1A6;101;3937;JAF3261;;B38M;Medium;EBBR;LTFE;25R;SOPOK4G
DEP;9/29/2026 3:57:56 PM +02:00;9/29/2026 4:02:05 PM +02:00;9/29/2026 3:58:16 PM +02:00;44CE75;1000;3844;BEL4DQ;OOSSU;A319;Medium;EBBR;ESGG;25R;NIK3G
DEP;9/29/2026 3:58:44 PM +02:00;9/29/2026 4:02:36 PM +02:00;9/29/2026 3:59:05 PM +02:00;44CC44;1000;2096;BEL3XW;;A20N;Medium;EBBR;LOWW;25R;SOPOK4G
DEP;9/29/2026 4:00:57 PM +02:00;9/29/2026 4:05:56 PM +02:00;9/29/2026 4:01:20 PM +02:00;4952D3;7102;3810;TAP643;;A20N;Medium;EBBR;LPPT;25R;CIV4G
ARR;9/29/2026 4:02:44 PM +02:00;9/29/2026 4:11:56 PM +02:00;9/29/2026 4:10:48 PM +02:00;44CC41;523;1777;BEL8HR;OOSBA;A20N;Medium;LPPR;EBBR;25L;
ARR;9/29/2026 4:05:28 PM +02:00;9/29/2026 4:13:44 PM +02:00;9/29/2026 4:12:48 PM +02:00;44CE72;1000;2013;BEL3HE;OOSSR;A319;Medium;LPPT;EBBR;25L;ARVOL9A
DEP;9/29/2026 4:09:16 PM +02:00;9/29/2026 4:12:45 PM +02:00;9/29/2026 4:09:36 PM +02:00;4ACAA6;7103;1868;SAS62A;SERUF;A20N;Medium;EBBR;EKCH;25R;NIK3G
DEP;9/29/2026 4:12:16 PM +02:00;9/29/2026 4:17:37 PM +02:00;9/29/2026 4:12:44 PM +02:00;40095D;4417;2403;BAW387;GTTOB;A320;Medium;EBBR;EGLL;25R;HELEN4G
ARR;9/29/2026 4:14:45 PM +02:00;9/29/2026 4:23:45 PM +02:00;9/29/2026 4:22:52 PM +02:00;48520D;1000;1877;TRA264K;PHHXE;B738;Medium;GMMX;EBBR;25L;
ARR;9/29/2026 4:15:40 PM +02:00;9/29/2026 4:24:57 PM +02:00;9/29/2026 4:24:25 PM +02:00;3CF1A2;4135;3511;;DCSUS;PC24;Medium;EDDK;EBBR;25L;LNO6A
DEP;9/29/2026 4:16:29 PM +02:00;9/29/2026 4:21:04 PM +02:00;9/29/2026 4:16:45 PM +02:00;502D59;1000;3036;BEL7PK;YLABH;BCS3;Medium;EBBR;LJLJ;25R;SOPOK4G
ARR;9/29/2026 4:16:52 PM +02:00;9/29/2026 4:27:01 PM +02:00;9/29/2026 4:25:57 PM +02:00;896318;1000;4054;UAE56W;A6ENA;B77W;Heavy;OMDB;EBBR;25L;FLO2H
DEP;9/29/2026 4:18:24 PM +02:00;9/29/2026 4:23:08 PM +02:00;;44CDC6;112;640;BEL5TR;OOSNF;A320;Medium;EBBR;DTMB;25R;ROUSY4G
ARR;9/29/2026 4:18:44 PM +02:00;9/29/2026 4:28:57 PM +02:00;9/29/2026 4:27:57 PM +02:00;4BCDE9;1000;1354;SXS8GR;TCSOI;B38M;Medium;LTAI;EBBR;25L;BATTY7A
DEP;9/29/2026 4:21:13 PM +02:00;9/29/2026 4:25:28 PM +02:00;9/29/2026 4:21:13 PM +02:00;74482C;103;2436;RJA142;;A20N;Medium;EBBR;OJAI;25R;SOPOK4G
ARR;9/29/2026 4:21:32 PM +02:00;9/29/2026 4:30:53 PM +02:00;9/29/2026 4:29:45 PM +02:00;44022B;1000;480;AUA295;OELXB;A320;Medium;LOWW;EBBR;25L;BATTY7A
DEP;9/29/2026 4:24:09 PM +02:00;9/29/2026 4:28:04 PM +02:00;9/29/2026 4:24:33 PM +02:00;44CE78;1000;2443;BEL9EV;OOSSX;A319;Medium;EBBR;EDDM;25R;SOPOK4G
ARR;9/29/2026 4:25:49 PM +02:00;9/29/2026 4:35:49 PM +02:00;9/29/2026 4:35:00 PM +02:00;34768E;1000;2565;VLG7SN;;A320;Medium;LEMG;EBBR;25L;
ARR;9/29/2026 4:27:28 PM +02:00;9/29/2026 4:40:21 PM +02:00;9/29/2026 4:38:40 PM +02:00;44958B;1000;1262;AAB83E;OOELK;FA8X;Medium;LEMG;EBBR;25L;
DEP;9/29/2026 4:27:41 PM +02:00;9/29/2026 4:32:29 PM +02:00;;781EC1;7135;104;CSC9606;;A333;Heavy;EBBR;ZUTF;25R;NIK3G
ARR;9/29/2026 4:34:16 PM +02:00;9/29/2026 4:43:36 PM +02:00;9/29/2026 4:42:05 PM +02:00;300473;1000;3471;SIO624;IJAMI;FA7X;Medium;LIPR;EBBR;25L;FLO2H
ARR;9/29/2026 4:37:00 PM +02:00;9/29/2026 4:47:16 PM +02:00;9/29/2026 4:47:05 PM +02:00;44F681;1000;2230;BAF649;CT01;A400;Heavy;LEMO;EBMB;25R;KERKY2R
DEP;9/29/2026 4:37:36 PM +02:00;9/29/2026 4:42:20 PM +02:00;9/29/2026 4:38:04 PM +02:00;02A263;114;902;TAR955;;A320;Medium;EBBR;DTTA;25R;ROUSY4G
DEP;9/29/2026 4:40:29 PM +02:00;9/29/2026 4:44:32 PM +02:00;9/29/2026 4:40:53 PM +02:00;44CE62;1000;3390;BEL6ZH;OOSSB;A319;Medium;EBBR;LIML;25R;ROUSY4G
DEP;9/29/2026 4:41:57 PM +02:00;9/29/2026 4:46:04 PM +02:00;;44CDC8;1000;2623;BEL2HJ;OOSNH;A320;Medium;EBBR;EDDB;25R;SPI4G
ARR;9/29/2026 4:43:40 PM +02:00;9/29/2026 4:52:33 PM +02:00;9/29/2026 4:51:37 PM +02:00;3C6647;1000;2845;VJH724;DAIRG;E35L;Medium;LSZH;EBBR;25L;
ARR;9/29/2026 4:46:00 PM +02:00;9/29/2026 4:58:01 PM +02:00;9/29/2026 4:57:01 PM +02:00;4CA4F8;1000;2663;RYR87CX;EIDPV;B738;Medium;LEBL;EBBR;25L;
ARR;9/29/2026 4:46:44 PM +02:00;9/29/2026 4:56:01 PM +02:00;9/29/2026 4:55:21 PM +02:00;4D222D;1000;2498;RYR5236;9HQDB;B738;Medium;LIRP;EBBR;25L;FLO2H
DEP;9/29/2026 4:48:44 PM +02:00;9/29/2026 4:53:04 PM +02:00;;44D076;7146;865;BEL4GU;OOTCV;A320;Medium;EBBR;LEMG;25R;CIV4G
ARR;9/29/2026 4:51:33 PM +02:00;9/29/2026 4:59:45 PM +02:00;;44CE79;1000;2656;BEL9SW;;A319;Medium;EDDM;EBBR;25L;
ARR;9/29/2026 4:53:57 PM +02:00;9/29/2026 5:02:17 PM +02:00;9/29/2026 5:01:21 PM +02:00;44CE6C;1000;631;BEL9BP;OOSSL;A319;Medium;EDDM;EBBR;25L;BATTY7A
DEP;9/29/2026 4:56:01 PM +02:00;9/29/2026 4:59:25 PM +02:00;9/29/2026 4:56:25 PM +02:00;44CE6F;4423;3051;BEL6RA;OOSSO;A319;Medium;EBBR;EGLL;25R;HELEN4G
ARR;9/29/2026 5:04:32 PM +02:00;9/29/2026 5:12:29 PM +02:00;;502D7C;1000;622;BEL5EF;;BCS3;Medium;EDDF;EBBR;25L;FLO2H
DEP;9/29/2026 5:07:04 PM +02:00;9/29/2026 5:10:52 PM +02:00;;44A826;7162;1311;JAF2535;OOJAF;B738;Medium;EBBR;GMMN;25R;CIV4G
DEP;9/29/2026 5:13:41 PM +02:00;9/29/2026 5:18:08 PM +02:00;9/29/2026 5:13:41 PM +02:00;3C4593;1000;808;BOX547;DAALS;B77L;Heavy;EBBR;EDDP;25R;SPI4G
ARR;9/29/2026 5:15:08 PM +02:00;9/29/2026 5:24:44 PM +02:00;9/29/2026 5:23:37 PM +02:00;4D23BB;1000;3906;LBT384;9HMMO;A320;Medium;DTTJ;EBBR;25L;
ARR;9/29/2026 5:17:41 PM +02:00;9/29/2026 5:27:17 PM +02:00;;49D5D6;1000;1137;TVS4345;;BCS3;Medium;LEZL;EBBR;25L;ARVOL9A
DEP;9/29/2026 5:20:21 PM +02:00;9/29/2026 5:25:04 PM +02:00;9/29/2026 5:20:45 PM +02:00;4BBD07;104;1178;TKJ6UN;;B38M;Medium;EBBR;LTFJ;25R;PITES4G
ARR;9/29/2026 5:20:33 PM +02:00;9/29/2026 5:30:28 PM +02:00;9/29/2026 5:29:32 PM +02:00;020124;1000;1735;MAC115B;CNNMJ;A320;Medium;GMMW;EBBR;25L;ARVOL9A
DEP;9/29/2026 5:24:00 PM +02:00;9/29/2026 5:28:28 PM +02:00;;44CC41;7147;834;BEL2DT;OOSBA;A20N;Medium;EBBR;LPPT;25R;CIV4G
DEP;9/29/2026 5:25:04 PM +02:00;9/29/2026 5:29:28 PM +02:00;;44CE72;1000;270;BEL2ZR;OOSSR;A319;Medium;EBBR;LKPR;25R;SOPOK4G
ARR;9/29/2026 5:25:45 PM +02:00;9/29/2026 5:34:24 PM +02:00;9/29/2026 5:33:48 PM +02:00;348609;1000;2479;AEA36NR;;B38M;Medium;LEMD;EBBR;25L;ARVOL9A
ARR;9/29/2026 5:26:32 PM +02:00;9/29/2026 5:36:40 PM +02:00;9/29/2026 5:36:12 PM +02:00;44BA67;1000;2342;AAB42N;OONSG;C25C;Medium;EDDP;EBBR;25L;FLO2H
ARR;9/29/2026 5:30:32 PM +02:00;9/29/2026 5:40:44 PM +02:00;9/29/2026 5:40:04 PM +02:00;020139;1000;2642;RAM832B;CNMAX;B38M;Medium;GMMN;EBBR;25L;ARVOL9A
DEP;9/29/2026 5:35:24 PM +02:00;9/29/2026 5:40:44 PM +02:00;9/29/2026 5:35:52 PM +02:00;44022B;1000;2735;AUA296;OELXB;A320;Medium;EBBR;LOWW;25R;SOPOK4G
ARR;9/29/2026 5:36:16 PM +02:00;9/29/2026 5:44:56 PM +02:00;9/29/2026 5:44:00 PM +02:00;44CE61;1000;1368;BEL2WM;OOSSA;A319;Medium;LIPE;EBBR;25L;FLO2H
ARR;9/29/2026 5:39:36 PM +02:00;9/29/2026 5:47:16 PM +02:00;;44CDCB;1000;3889;BEL1VC;OOSNK;A320;Medium;LGAV;EBBR;25L;
DEP;9/29/2026 5:46:00 PM +02:00;9/29/2026 5:49:40 PM +02:00;;484B6E;1000;2234;TRA93K;PHHXL;B738;Medium;EBBR;LEAL;25R;CIV4G
ARR;9/29/2026 5:47:16 PM +02:00;9/29/2026 5:55:40 PM +02:00;9/29/2026 5:54:36 PM +02:00;45A953;1000;2295;JNJ605;OYJJS;HA4T;Medium;LUKK;EBBR;25L;
DEP;9/29/2026 5:47:52 PM +02:00;9/29/2026 5:52:12 PM +02:00;;48520D;1000;2072;TRA81J;PHHXE;B738;Medium;EBBR;LEIB;25R;CIV4G
ARR;9/29/2026 5:51:20 PM +02:00;9/29/2026 5:58:57 PM +02:00;;44CDCE;1000;2168;BEL6VF;OOSNN;A320;Medium;LFMN;EBBR;25L;
ARR;9/29/2026 5:54:04 PM +02:00;9/29/2026 6:04:01 PM +02:00;9/29/2026 6:02:57 PM +02:00;06E02B;1000;469;RWD700;;A332;Heavy;HRYR;EBBR;25L;FLO2H
DEP;9/29/2026 5:54:20 PM +02:00;9/29/2026 5:58:56 PM +02:00;;4CA4F8;1000;1794;RYR1FR;EIDPV;B738;Medium;EBBR;LEBL;25R;CIV4G
DEP;9/29/2026 5:59:01 PM +02:00;9/29/2026 6:03:16 PM +02:00;;44CE79;1000;3754;BEL8UK;;A319;Medium;EBBR;EDDF;25R;SPI4G
DEP;9/29/2026 6:00:41 PM +02:00;9/29/2026 6:04:32 PM +02:00;9/29/2026 6:00:41 PM +02:00;4D222D;116;3032;RYR5ZK;9HQDB;B738;Medium;EBBR;LIRP;25R;ROUSY4G
DEP;9/29/2026 6:02:21 PM +02:00;9/29/2026 6:06:40 PM +02:00;9/29/2026 6:02:41 PM +02:00;34768E;7160;871;VLG6FP;;A320;Medium;EBBR;LEMG;25R;CIV4G
ARR;9/29/2026 6:02:48 PM +02:00;9/29/2026 6:12:04 PM +02:00;9/29/2026 6:10:53 PM +02:00;4C4AAB;1000;57;PNC1VL;YUSVL;C56X;Medium;LSZH;EBBR;25L;FLO2H
ARR;9/29/2026 6:03:37 PM +02:00;9/29/2026 6:13:25 PM +02:00;9/29/2026 6:12:29 PM +02:00;44CDD1;1000;1111;BEL5HH;;A320;Medium;LEIB;EBBR;25L;ARVOL9A
DEP;9/29/2026 6:03:57 PM +02:00;9/29/2026 6:08:12 PM +02:00;9/29/2026 6:04:21 PM +02:00;4BCDE9;110;3676;SXS69W;TCSOI;B38M;Medium;EBBR;LTAI;25R;SOPOK4G
ARR;9/29/2026 6:05:57 PM +02:00;9/29/2026 6:15:00 PM +02:00;9/29/2026 6:14:08 PM +02:00;347601;1000;1729;VLG79RM;;A320;Medium;LEBL;EBBR;25L;ARVOL9A
DEP;9/29/2026 6:06:01 PM +02:00;9/29/2026 6:10:40 PM +02:00;9/29/2026 6:06:21 PM +02:00;503FD3;7161;861;LYF278;08 BLUE;C27J;Medium;EBBR;EYVI;25R;LNO4G
ARR;9/29/2026 6:06:28 PM +02:00;9/29/2026 6:17:00 PM +02:00;9/29/2026 6:16:01 PM +02:00;44CE6A;1000;2326;BEL2CA;OOSSJ;A319;Medium;LSGG;EBBR;25L;FLO2H
ARR;9/29/2026 6:09:49 PM +02:00;9/29/2026 6:18:36 PM +02:00;9/29/2026 6:17:32 PM +02:00;4CAD92;1000;522;SAS64U;;A20N;Medium;ESSA;EBBR;25L;FLO2H
ARR;9/29/2026 6:11:17 PM +02:00;9/29/2026 6:19:56 PM +02:00;9/29/2026 6:19:00 PM +02:00;502D46;1000;2102;BEL2YK;YLABE;BCS3;Medium;LEMG;EBBR;25L;ARVOL9A
ARR;9/29/2026 6:12:53 PM +02:00;9/29/2026 6:20:57 PM +02:00;;461F6A;3520;475;FIN2PG;OHLXI;A320;Medium;EFHK;EBBR;25L;FLO2H
ARR;9/29/2026 6:14:48 PM +02:00;9/29/2026 6:24:00 PM +02:00;9/29/2026 6:22:53 PM +02:00;4B1808;1000;2530;SWR8QE;HBJCQ;BCS3;Medium;LSZH;EBBR;25L;FLO2H
DEP;9/29/2026 6:14:56 PM +02:00;9/29/2026 6:19:12 PM +02:00;9/29/2026 6:15:20 PM +02:00;44CE6C;1000;4051;BEL3WD;OOSSL;A319;Medium;EBBR;LIRF;25R;ROUSY4G
ARR;9/29/2026 6:18:13 PM +02:00;9/29/2026 6:26:33 PM +02:00;9/29/2026 6:25:28 PM +02:00;4AC9E1;757;3934;SAS1595;SEROA;A20N;Medium;EKCH;EBBR;25L;FLO2H
ARR;9/29/2026 6:20:48 PM +02:00;9/29/2026 6:28:52 PM +02:00;9/29/2026 6:28:08 PM +02:00;48E95E;1000;3326;LOT3ML;;B38M;Medium;EPWA;EBBR;25L;FLO2H
ARR;9/29/2026 6:23:16 PM +02:00;9/29/2026 6:31:44 PM +02:00;9/29/2026 6:30:40 PM +02:00;4CADAC;1000;786;ITY160;;A20N;Medium;LIRF;EBBR;25L;BATTY7A
DEP;9/29/2026 6:25:53 PM +02:00;9/29/2026 6:29:20 PM +02:00;9/29/2026 6:26:13 PM +02:00;49D5D6;1000;1743;TVS499F;;BCS3;Medium;EBBR;LKPR;25R;SOPOK4G
DEP;9/29/2026 6:27:48 PM +02:00;9/29/2026 6:32:08 PM +02:00;;896318;115;1001;UAE66V;A6ENA;B77W;Heavy;EBBR;OMDB;25R;PITES4G
ARR;9/29/2026 6:31:48 PM +02:00;9/29/2026 6:40:20 PM +02:00;9/29/2026 6:39:28 PM +02:00;4A08EF;1000;2977;ROT373D;;B38M;Medium;LROP;EBBR;25L;FLO2H
ARR;9/29/2026 6:36:21 PM +02:00;9/29/2026 6:45:36 PM +02:00;9/29/2026 6:44:56 PM +02:00;44A831;1000;3637;JAF6YV;OOJAQ;B738;Medium;GMFO;EBBR;25L;ARVOL9A
ARR;9/29/2026 6:38:20 PM +02:00;9/29/2026 6:52:33 PM +02:00;9/29/2026 6:51:21 PM +02:00;400877;4622;1944;BAW9LL;GEUPG;A319;Medium;EGLL;EBBR;25L;
ARR;9/29/2026 6:39:09 PM +02:00;9/29/2026 6:47:41 PM +02:00;9/29/2026 6:46:49 PM +02:00;342592;1000;2548;VLG7QT;ECKJD;A320;Medium;LEBB;EBBR;25L;
DEP;9/29/2026 6:41:12 PM +02:00;9/29/2026 6:45:56 PM +02:00;9/29/2026 6:41:33 PM +02:00;502D7C;1000;1752;BEL3FJ;;BCS3;Medium;EBBR;LEBL;25R;CIV4G
ARR;9/29/2026 6:41:24 PM +02:00;9/29/2026 6:52:57 PM +02:00;;344449;1000;3345;IBE06KA;ECLVD;A320;Medium;LEMD;EBBR;25L;ARVOL9A
ARR;9/29/2026 6:41:41 PM +02:00;9/29/2026 6:50:41 PM +02:00;9/29/2026 6:50:01 PM +02:00;3C4582;1000;3209;BOX116;DAALB;B77L;Heavy;EDDP;EBBR;25R;FLO2R
DEP;9/29/2026 6:44:00 PM +02:00;9/29/2026 6:46:56 PM +02:00;9/29/2026 6:44:16 PM +02:00;33FCA3;1000;2460;IAM3170;;GLF6;Medium;EBMB;LIRA;25R;ROUSY4G
ARR;9/29/2026 6:45:32 PM +02:00;9/29/2026 6:55:21 PM +02:00;9/29/2026 6:54:25 PM +02:00;44001B;1000;2942;AUA297W;OELBO;A320;Medium;LOWW;EBBR;25L;FLO2H
ARR;9/29/2026 6:45:32 PM +02:00;9/29/2026 6:57:01 PM +02:00;9/29/2026 6:56:01 PM +02:00;44CDC9;1000;1968;BEL5DP;OOSNI;A320;Medium;LEBB;EBBR;25L;ARVOL9A
DEP;9/29/2026 6:46:01 PM +02:00;9/29/2026 6:49:48 PM +02:00;;4D23BB;113;2959;LBT385;9HMMO;A320;Medium;EBBR;DTTJ;25R;ROUSY4G
ARR;9/29/2026 6:51:20 PM +02:00;9/29/2026 7:00:12 PM +02:00;9/29/2026 6:59:24 PM +02:00;4D21A2;1000;2185;KMM420;9HNEO;A20N;Medium;LMML;EBBR;25L;FLO2H
DEP;9/29/2026 6:51:37 PM +02:00;9/29/2026 6:55:08 PM +02:00;9/29/2026 6:52:01 PM +02:00;44CE61;1000;3455;BEL7VN;OOSSA;A319;Medium;EBBR;LOWW;25R;SOPOK4G
ARR;9/29/2026 6:51:53 PM +02:00;9/29/2026 7:01:17 PM +02:00;;020113;1000;2433;RAM830F;CNRGR;E190;Medium;GMME;EBBR;25L;ARVOL9A
DEP;9/29/2026 6:53:45 PM +02:00;9/29/2026 6:57:52 PM +02:00;;020124;7153;3380;MAC114H;CNNMJ;A320;Medium;EBBR;GMTT;25R;CIV4G
ARR;9/29/2026 6:54:21 PM +02:00;9/29/2026 7:03:08 PM +02:00;9/29/2026 7:02:29 PM +02:00;44A838;1000;2572;JAF1KW;OOJAX;B738;Medium;HESH;EBBR;25L;BATTY7A
ARR;9/29/2026 6:57:20 PM +02:00;9/29/2026 7:05:16 PM +02:00;9/29/2026 7:05:08 PM +02:00;46B82B;1000;4081;AEE6TH;SXNAK;A21N;Medium;LGAV;EBBR;25L;FLO2H
DEP;9/29/2026 7:03:48 PM +02:00;9/29/2026 7:08:32 PM +02:00;9/29/2026 7:04:12 PM +02:00;44CDCB;1000;1559;BEL9DL;OOSNK;A320;Medium;EBBR;EDDB;25R;SPI4G
DEP;9/29/2026 7:06:40 PM +02:00;9/29/2026 7:10:24 PM +02:00;9/29/2026 7:06:52 PM +02:00;3E353E;1000;2243;FSE1C;;C25M;Light;EBBR;EDDL;25R;LNO4G
DEP;9/29/2026 7:07:48 PM +02:00;9/29/2026 7:12:20 PM +02:00;;020139;7110;428;RAM833B;CNMAX;B38M;Medium;EBBR;GMMN;25R;CIV4G
ARR;9/29/2026 7:08:17 PM +02:00;9/29/2026 7:17:04 PM +02:00;;4CA75F;4612;1335;RYR83SZ;EIEFD;B738;Medium;EIDW;EBBR;25L;
ARR;9/29/2026 7:10:32 PM +02:00;9/29/2026 7:20:00 PM +02:00;9/29/2026 7:19:00 PM +02:00;4CAE11;1000;1768;ITY154;;BCS1;Medium;LIML;EBBR;25L;FLO2H
ARR;9/29/2026 7:12:56 PM +02:00;9/29/2026 7:24:44 PM +02:00;9/29/2026 7:23:40 PM +02:00;346318;1000;3072;BCS225P;ECNHF;B752;Medium;LEMD;EBBR;25R;
DEP;9/29/2026 7:13:00 PM +02:00;9/29/2026 7:17:24 PM +02:00;;348609;1000;2155;AEA26LC;;B38M;Medium;EBBR;LEMD;25R;CIV4G
ARR;9/29/2026 7:13:16 PM +02:00;9/29/2026 7:22:28 PM +02:00;9/29/2026 7:21:28 PM +02:00;89644C;1000;2774;UAE181;A6EGE;B77W;Heavy;OMDB;EBBR;25L;FLO2H
DEP;9/29/2026 7:18:56 PM +02:00;9/29/2026 7:23:08 PM +02:00;;347601;1000;499;VLG7KZ;;A320;Medium;EBBR;LEBL;25R;CIV4G
ARR;9/29/2026 7:20:01 PM +02:00;9/29/2026 7:28:13 PM +02:00;;AACAD4;2204;2816;CKS263;N795CK;B77L;Heavy;KCVG;EBBR;25R;
DEP;9/29/2026 7:21:48 PM +02:00;9/29/2026 7:25:24 PM +02:00;9/29/2026 7:22:12 PM +02:00;4AC9E1;7143;2079;SAS1596;SEROA;A20N;Medium;EBBR;EKCH;25R;NIK3G
ARR;9/29/2026 7:23:16 PM +02:00;9/29/2026 7:33:56 PM +02:00;9/29/2026 7:33:04 PM +02:00;02019C;1000;1252;MAC147C;;A320;Medium;GMTT;EBBR;25L;
DEP;9/29/2026 7:26:20 PM +02:00;9/29/2026 7:30:36 PM +02:00;9/29/2026 7:26:20 PM +02:00;44CDD1;1000;295;BEL4GV;;A320;Medium;EBBR;LSGG;25R;ROUSY4G
DEP;9/29/2026 7:29:40 PM +02:00;9/29/2026 7:33:29 PM +02:00;9/29/2026 7:30:01 PM +02:00;4CAD92;1000;3194;SAS66P;;A20N;Medium;EBBR;ESSA;25R;NIK3G
ARR;9/29/2026 7:30:05 PM +02:00;9/29/2026 7:37:36 PM +02:00;;44CC44;1000;3892;BEL7AM;;A20N;Medium;LOWW;EBBR;25L;
ARR;9/29/2026 7:30:37 PM +02:00;9/29/2026 7:40:44 PM +02:00;9/29/2026 7:39:44 PM +02:00;44CE76;1000;1061;BEL2ZH;OOSSV;A319;Medium;ESSA;EBBR;25L;WOODY9A
DEP;9/29/2026 7:30:45 PM +02:00;9/29/2026 7:34:36 PM +02:00;9/29/2026 7:31:05 PM +02:00;44CE6A;1000;2257;BEL8RD;OOSSJ;A319;Medium;EBBR;LIMC;25R;ROUSY4G
DEP;9/29/2026 7:31:36 PM +02:00;9/29/2026 7:35:41 PM +02:00;;461F6A;7137;1749;FIN5DA;OHLXI;A320;Medium;EBBR;EFHK;25R;NIK3G
DEP;9/29/2026 7:32:40 PM +02:00;9/29/2026 7:36:36 PM +02:00;9/29/2026 7:33:08 PM +02:00;4CADAC;1000;3265;ITY165;;A20N;Medium;EBBR;LIRF;25R;ROUSY4G
ARR;9/29/2026 7:32:52 PM +02:00;9/29/2026 7:41:40 PM +02:00;9/29/2026 7:41:24 PM +02:00;44CE78;1000;4084;BEL3CQ;OOSSX;A319;Medium;EDDM;EBBR;25L;FLO2H
ARR;9/29/2026 7:34:24 PM +02:00;9/29/2026 7:43:56 PM +02:00;9/29/2026 7:42:52 PM +02:00;44CE77;3527;3081;BEL8MN;OOSSW;A319;Medium;EKCH;EBBR;25L;FLO2H
ARR;9/29/2026 7:35:53 PM +02:00;9/29/2026 7:47:25 PM +02:00;9/29/2026 7:46:16 PM +02:00;44CE75;1000;606;BEL7TA;OOSSU;A319;Medium;ESGG;EBBR;25L;BEKEM9A
ARR;9/29/2026 7:36:40 PM +02:00;9/29/2026 7:45:25 PM +02:00;9/29/2026 7:44:20 PM +02:00;452121;1000;1572;LZB407;;BCS3;Medium;LBSF;EBBR;25L;FLO2H
DEP;9/29/2026 7:36:52 PM +02:00;9/29/2026 7:41:12 PM +02:00;9/29/2026 7:37:12 PM +02:00;502D46;1000;3963;BEL4HU;YLABE;BCS3;Medium;EBBR;EDDM;25R;SOPOK4G
ARR;9/29/2026 7:38:24 PM +02:00;9/29/2026 7:48:44 PM +02:00;9/29/2026 7:48:00 PM +02:00;44D071;1000;991;BEL2UE;OOTCQ;A320;Medium;LEMD;EBBR;25R;
ARR;9/29/2026 7:39:49 PM +02:00;9/29/2026 7:51:16 PM +02:00;9/29/2026 7:50:24 PM +02:00;4ACA70;752;1428;SAS69X;;E195;Medium;EKCH;EBBR;25L;WOODY9A
ARR;9/29/2026 7:40:28 PM +02:00;9/29/2026 7:49:48 PM +02:00;9/29/2026 7:48:48 PM +02:00;44CDCD;1000;3811;BEL4WF;OOSNM;A320;Medium;LHBP;EBBR;25L;FLO2H
DEP;9/29/2026 7:40:40 PM +02:00;9/29/2026 7:45:16 PM +02:00;9/29/2026 7:41:05 PM +02:00;06E02B;1000;973;RWD700;;A332;Heavy;EBBR;LFPG;25R;CIV4G
ARR;9/29/2026 7:41:53 PM +02:00;9/29/2026 7:53:01 PM +02:00;9/29/2026 7:51:48 PM +02:00;44CE6F;2202;3783;BEL93B;OOSSO;A319;Medium;EGLL;EBBR;25L;KERKY2H
ARR;9/29/2026 7:42:53 PM +02:00;9/29/2026 7:55:16 PM +02:00;9/29/2026 7:54:37 PM +02:00;44CC43;755;2203;BEL8AJ;;A20N;Medium;ENGM;EBBR;25R;BEKEM9A
DEP;9/29/2026 7:43:08 PM +02:00;9/29/2026 7:47:20 PM +02:00;;44CDCE;1000;752;BEL2LG;OOSNN;A320;Medium;EBBR;EDDF;25R;SPI4G
DEP;9/29/2026 7:44:08 PM +02:00;9/29/2026 7:48:24 PM +02:00;;342592;1000;2466;VLG37FQ;ECKJD;A320;Medium;EBBR;LEBB;25R;CIV4G
ARR;9/29/2026 7:45:00 PM +02:00;9/29/2026 7:54:13 PM +02:00;9/29/2026 7:53:13 PM +02:00;501C38;1000;2659;CTN4456;;BCS3;Medium;LDZA;EBBR;25L;FLO2H
ARR;9/29/2026 7:46:01 PM +02:00;9/29/2026 8:00:16 PM +02:00;9/29/2026 7:59:00 PM +02:00;020176;1000;2817;MAC111;;A320;Medium;GMMN;EBBR;25L;ARVOL9A
ARR;9/29/2026 7:46:41 PM +02:00;9/29/2026 7:56:17 PM +02:00;9/29/2026 7:55:40 PM +02:00;44CDC8;1000;3643;BEL3JZ;OOSNH;A320;Medium;EDDB;EBBR;25L;FLO2H
ARR;9/29/2026 7:48:56 PM +02:00;9/29/2026 7:58:25 PM +02:00;9/29/2026 7:57:32 PM +02:00;44CDCA;1000;3687;BEL9PY;OOSNJ;A320;Medium;EPWA;EBBR;25L;FLO2H
DEP;9/29/2026 7:51:20 PM +02:00;9/29/2026 7:55:09 PM +02:00;9/29/2026 7:51:44 PM +02:00;400877;4421;3318;BAW391;GEUPG;A319;Medium;EBBR;EGLL;25R;HELEN4G
ARR;9/29/2026 7:51:48 PM +02:00;9/29/2026 8:01:40 PM +02:00;9/29/2026 8:00:28 PM +02:00;44CE62;1000;3537;BEL1BT;OOSSB;A319;Medium;LIML;EBBR;25L;FLO2H
DEP;9/29/2026 7:53:13 PM +02:00;9/29/2026 7:57:40 PM +02:00;9/29/2026 7:53:33 PM +02:00;4B1808;1000;2004;SWR7DC;HBJCQ;BCS3;Medium;EBBR;LSZH;25R;LNO4G
ARR;9/29/2026 7:53:21 PM +02:00;9/29/2026 8:03:36 PM +02:00;;44033D;2264;3526;GAC983M;OEFFB;C510;Light;EGLC;EBBR;25R;
ARR;9/29/2026 7:53:40 PM +02:00;9/29/2026 8:02:09 PM +02:00;;502D59;1000;3871;BEL6HI;YLABH;BCS3;Medium;LJLJ;EBBR;25L;FLO2H
DEP;9/29/2026 7:56:00 PM +02:00;9/29/2026 8:01:12 PM +02:00;;48E95E;1000;1083;LOT4CN;;B38M;Medium;EBBR;EPWA;25R;LNO4G
ARR;9/29/2026 7:56:24 PM +02:00;9/29/2026 8:05:32 PM +02:00;9/29/2026 8:04:36 PM +02:00;4BA9D4;1000;2689;THY1HZ;TCJNT;A333;Heavy;LTFM;EBBR;25L;BATTY7A
DEP;9/29/2026 7:57:48 PM +02:00;9/29/2026 8:02:56 PM +02:00;;4A08EF;1000;176;ROT374W;;B38M;Medium;EBBR;LROP;25R;SOPOK4G
DEP;9/29/2026 7:59:32 PM +02:00;9/29/2026 8:03:52 PM +02:00;;44001B;1000;1087;AUA29V;OELBO;A320;Medium;EBBR;LOWW;25R;SOPOK4G
ARR;9/29/2026 7:59:45 PM +02:00;9/29/2026 8:07:04 PM +02:00;9/29/2026 8:06:52 PM +02:00;399966;1000;304;;FHGLG;LJ75;Medium;LFLC;EBBR;25L;ARVOL9A
DEP;9/29/2026 8:00:36 PM +02:00;9/29/2026 8:05:04 PM +02:00;9/29/2026 8:00:36 PM +02:00;344449;7120;4026;IBE06LR;ECLVD;A320;Medium;EBBR;LEMD;25R;CIV4G
ARR;9/29/2026 8:07:44 PM +02:00;9/29/2026 8:17:01 PM +02:00;9/29/2026 8:15:53 PM +02:00;440589;1000;4034;EJU79BG;OELQM;A319;Medium;LIRF;EBBR;25L;
DEP;9/29/2026 8:07:52 PM +02:00;9/29/2026 8:11:52 PM +02:00;9/29/2026 8:08:20 PM +02:00;4D21A2;112;138;KMM421;9HNEO;A20N;Medium;EBBR;LMML;25R;ROUSY4G
ARR;9/29/2026 8:08:28 PM +02:00;9/29/2026 8:18:29 PM +02:00;9/29/2026 8:17:25 PM +02:00;44CDCC;1000;1773;BEL7LW;OOSNL;A320;Medium;LPPR;EBBR;25L;
ARR;9/29/2026 8:10:04 PM +02:00;9/29/2026 8:20:01 PM +02:00;9/29/2026 8:18:57 PM +02:00;44CC47;1000;92;BEL3SG;;A20N;Medium;LIRF;EBBR;25L;FLO2H
ARR;9/29/2026 8:12:08 PM +02:00;9/29/2026 8:21:53 PM +02:00;9/29/2026 8:20:41 PM +02:00;44CE72;1000;546;BEL2KP;OOSSR;A319;Medium;LKPR;EBBR;25L;BATTY7A
ARR;9/29/2026 8:13:29 PM +02:00;9/29/2026 8:23:17 PM +02:00;9/29/2026 8:22:13 PM +02:00;34610F;1000;1871;VLG56EE;ECNCS;A20N;Medium;LEAL;EBBR;25L;
ARR;9/29/2026 8:14:09 PM +02:00;9/29/2026 8:25:33 PM +02:00;;3E1A56;1000;826;;DIBEC;DA62;Light;EDQG;EBBR;25L;FLO2H
ARR;9/29/2026 8:17:49 PM +02:00;9/29/2026 8:28:25 PM +02:00;9/29/2026 8:27:25 PM +02:00;44CE79;1000;875;BEL9CJ;;A319;Medium;EDDF;EBBR;25L;FLO2H
DEP;9/29/2026 8:18:53 PM +02:00;9/29/2026 8:23:00 PM +02:00;;46B82B;102;3394;AEE6BR;SXNAK;A21N;Medium;EBBR;LGAV;25R;PITES4G
DEP;9/29/2026 8:19:53 PM +02:00;9/29/2026 8:24:37 PM +02:00;;4CA75F;4427;1850;RYR3QK;EIEFD;B738;Medium;EBBR;EIDW;25R;DENUT4G
ARR;9/29/2026 8:19:53 PM +02:00;9/29/2026 8:30:24 PM +02:00;9/29/2026 8:29:08 PM +02:00;44046D;1000;1419;EJU86EN;OEICI;A320;Medium;LFMN;EBBR;25L;BATTY7A
DEP;9/29/2026 8:25:17 PM +02:00;9/29/2026 8:29:12 PM +02:00;9/29/2026 8:25:37 PM +02:00;4CAE11;1000;1966;ITY153;;BCS1;Medium;EBBR;LIML;25R;ROUSY4G
DEP;9/29/2026 8:26:52 PM +02:00;9/29/2026 8:30:52 PM +02:00;9/29/2026 8:27:25 PM +02:00;020113;7124;1736;RAM831F;CNRGR;E190;Medium;EBBR;GMME;25R;CIV4G
ARR;9/29/2026 8:27:13 PM +02:00;9/29/2026 8:37:00 PM +02:00;9/29/2026 8:36:04 PM +02:00;44CE66;1000;560;BEL74C;OOSSF;A319;Medium;LEBL;EBBR;25L;KERKY2H
ARR;9/29/2026 8:30:28 PM +02:00;9/29/2026 8:39:21 PM +02:00;9/29/2026 8:38:29 PM +02:00;44D1C2;1000;3921;JAF94C;OOTNB;B738;Medium;LGZA;EBBR;25L;BATTY7A
ARR;9/29/2026 8:31:36 PM +02:00;9/29/2026 8:41:13 PM +02:00;9/29/2026 8:40:05 PM +02:00;345205;1000;3992;VLG6814;ECMKX;A319;Medium;LIRQ;EBBR;25L;FLO2H
ARR;9/29/2026 8:33:09 PM +02:00;9/29/2026 8:42:21 PM +02:00;;495290;1000;1319;TAP44BR;CSTTP;A319;Medium;LPPT;EBBR;25L;ARVOL9A
DEP;9/29/2026 8:34:16 PM +02:00;9/29/2026 8:37:12 PM +02:00;9/29/2026 8:34:24 PM +02:00;4C4AAB;103;2147;PNC1VL;YUSVL;C56X;Medium;EBBR;LCLK;25R;PITES4G
DEP;9/29/2026 8:39:09 PM +02:00;9/29/2026 8:43:41 PM +02:00;9/29/2026 8:39:40 PM +02:00;4ACA70;7166;3424;SAS43M;;E195;Medium;EBBR;EKCH;25R;NIK3G
ARR;9/29/2026 8:39:44 PM +02:00;9/29/2026 8:49:16 PM +02:00;9/29/2026 8:48:45 PM +02:00;44D1B4;1000;2038;JAF4NV;;B38M;Medium;LEIB;EBBR;25L;
DEP;9/29/2026 8:40:25 PM +02:00;9/29/2026 8:44:40 PM +02:00;9/29/2026 8:40:45 PM +02:00;452121;111;3632;LZB408;;BCS3;Medium;EBBR;LBSF;25R;PITES4G
DEP;9/29/2026 8:42:13 PM +02:00;9/29/2026 8:45:13 PM +02:00;;399966;4402;2548;;FHGLG;LJ75;Medium;EBBR;EHBK;25R;LNO4G
DEP;9/29/2026 8:44:45 PM +02:00;9/29/2026 8:48:32 PM +02:00;9/29/2026 8:45:09 PM +02:00;44CE77;1000;1012;BEL92K;OOSSW;A319;Medium;EBBR;LSGG;25R;ROUSY4G
ARR;9/29/2026 8:44:57 PM +02:00;9/29/2026 8:56:17 PM +02:00;9/29/2026 8:55:13 PM +02:00;407DCF;756;2019;SWT4804;;B734;Medium;ESOE;EBBR;25R;WOODY9A
DEP;9/29/2026 8:48:12 PM +02:00;9/29/2026 8:52:13 PM +02:00;9/29/2026 8:48:12 PM +02:00;44CE76;1000;979;BEL9FL;OOSSV;A319;Medium;EBBR;ESSA;25R;NIK3G
DEP;9/29/2026 8:50:09 PM +02:00;9/29/2026 8:54:04 PM +02:00;9/29/2026 8:50:32 PM +02:00;501C38;1000;3655;CTN4457;;BCS3;Medium;EBBR;LDZA;25R;PITES4G
DEP;9/29/2026 8:57:49 PM +02:00;9/29/2026 9:01:41 PM +02:00;9/29/2026 8:58:13 PM +02:00;44CC44;1000;701;BEL2FM;;A20N;Medium;EBBR;LEMD;25R;CIV4G
ARR;9/29/2026 8:57:49 PM +02:00;9/29/2026 9:09:05 PM +02:00;9/29/2026 9:07:53 PM +02:00;484C9B;1000;3414;TRA90G;PHHXM;B738;Medium;LEMG;EBBR;25L;ARVOL9A
DEP;9/29/2026 9:00:41 PM +02:00;9/29/2026 9:04:20 PM +02:00;9/29/2026 9:01:05 PM +02:00;440589;1000;562;EJU87PG;OELQM;A319;Medium;EBBR;LIRF;25R;ROUSY4G
DEP;9/29/2026 9:04:57 PM +02:00;9/29/2026 9:08:08 PM +02:00;9/29/2026 9:05:21 PM +02:00;44CC43;1000;3177;BEL7JU;;A20N;Medium;EBBR;LHBP;25R;SOPOK4G
DEP;9/29/2026 9:06:25 PM +02:00;9/29/2026 9:10:01 PM +02:00;9/29/2026 9:06:48 PM +02:00;44CDC9;1000;2282;BEL1ZK;OOSNI;A320;Medium;EBBR;EDDB;25R;SPI4G
DEP;9/29/2026 9:08:05 PM +02:00;9/29/2026 9:12:20 PM +02:00;;346318;1000;693;BCS115;ECNHF;B752;Medium;EBBR;EDDP;25R;SOPOK4G
ARR;9/29/2026 9:08:24 PM +02:00;9/29/2026 9:17:25 PM +02:00;9/29/2026 9:16:37 PM +02:00;8852E3;3212;1393;THA934;;B789;Heavy;VTBS;EBBR;25L;FLO2H
ARR;9/29/2026 9:09:25 PM +02:00;9/29/2026 9:19:33 PM +02:00;9/29/2026 9:18:49 PM +02:00;44CC45;1000;1404;BEL1852;;A20N;Medium;LICJ;EBBR;25L;FLO2H
DEP;9/29/2026 9:10:13 PM +02:00;9/29/2026 9:14:25 PM +02:00;;44CDC2;7121;149;BEL1EW;OOSNB;A320;Medium;EBBR;ENGM;25R;NIK3G
ARR;9/29/2026 9:11:09 PM +02:00;9/29/2026 9:22:45 PM +02:00;9/29/2026 9:22:01 PM +02:00;4CA8D6;1000;2897;RYR44SX;EIENK;B738;Medium;GMMX;EBBR;25L;ARVOL9A
ARR;9/29/2026 9:11:13 PM +02:00;9/29/2026 9:21:09 PM +02:00;9/29/2026 9:20:29 PM +02:00;4402AE;1000;2562;EJU84YJ;OEIVZ;A320;Medium;LIML;EBBR;25L;BATTY7A
DEP;9/29/2026 9:11:41 PM +02:00;9/29/2026 9:15:32 PM +02:00;9/29/2026 9:12:00 PM +02:00;502D59;1000;420;BEL3LY;YLABH;BCS3;Medium;EBBR;LFLL;25R;CIV4G
DEP;9/29/2026 9:13:00 PM +02:00;9/29/2026 9:16:33 PM +02:00;9/29/2026 9:13:24 PM +02:00;44CDCD;7131;2820;BEL5EP;OOSNM;A320;Medium;EBBR;EKCH;25R;NIK3G
ARR;9/29/2026 9:14:00 PM +02:00;9/29/2026 9:24:04 PM +02:00;;4BB28C;1000;1665;THY1EF;TCLTL;A21N;Medium;LTFM;EBBR;25L;BATTY7A
DEP;9/29/2026 9:14:32 PM +02:00;9/29/2026 9:19:12 PM +02:00;;02019C;7101;805;MAC148;;A320;Medium;EBBR;GMTT;25R;CIV4G
DEP;9/29/2026 9:16:00 PM +02:00;9/29/2026 9:20:25 PM +02:00;;44D071;1000;3571;BEL3UC;OOTCQ;A320;Medium;EBBR;ESGG;25R;NIK3G
DEP;9/29/2026 9:17:29 PM +02:00;9/29/2026 9:22:05 PM +02:00;9/29/2026 9:17:57 PM +02:00;44CE72;1000;2616;BEL29D;OOSSR;A319;Medium;EBBR;LFBO;25R;CIV4G
DEP;9/29/2026 9:19:01 PM +02:00;9/29/2026 9:23:01 PM +02:00;9/29/2026 9:19:25 PM +02:00;44CE78;7157;1075;BEL3TX;OOSSX;A319;Medium;EBBR;EDDH;25R;NIK3G
DEP;9/29/2026 9:20:25 PM +02:00;9/29/2026 9:24:24 PM +02:00;9/29/2026 9:20:53 PM +02:00;34610F;1000;2107;VLG9XG;ECNCS;A20N;Medium;EBBR;LEAL;25R;CIV4G
DEP;9/29/2026 9:24:33 PM +02:00;9/29/2026 9:28:17 PM +02:00;9/29/2026 9:24:57 PM +02:00;44CDC8;4426;1802;BEL4AH;OOSNH;A320;Medium;EBBR;EGLL;25R;HELEN4G
ARR;9/29/2026 9:25:01 PM +02:00;9/29/2026 9:36:12 PM +02:00;9/29/2026 9:34:40 PM +02:00;4853D3;1000;2290;TRA94N;PHHXJ;B738;Medium;GMAD;EBBR;25L;ARVOL9A
DEP;9/29/2026 9:26:09 PM +02:00;9/29/2026 9:30:00 PM +02:00;9/29/2026 9:26:29 PM +02:00;44CE6F;1000;135;BEL2653;OOSSO;A319;Medium;EBBR;EDDM;25R;SOPOK4G
DEP;9/29/2026 9:27:09 PM +02:00;9/29/2026 9:31:32 PM +02:00;;020176;7113;3711;MAC112R;;A320;Medium;EBBR;GMMN;25R;CIV4G
DEP;9/29/2026 9:28:05 PM +02:00;9/29/2026 9:32:12 PM +02:00;9/29/2026 9:28:32 PM +02:00;345205;1000;131;VLG7JX;ECMKX;A319;Medium;EBBR;LIRQ;25R;ROUSY4G
ARR;9/29/2026 9:28:32 PM +02:00;9/29/2026 9:38:04 PM +02:00;9/29/2026 9:37:08 PM +02:00;4D0290;1000;2121;LRQ447G;LXRSQ;LJ45;Medium;LGIR;EBBR;25R;FLO2R
DEP;9/29/2026 9:30:41 PM +02:00;9/29/2026 9:34:32 PM +02:00;9/29/2026 9:30:41 PM +02:00;44CDCA;1000;673;BEL2SJ;OOSNJ;A320;Medium;EBBR;LIPZ;25R;ROUSY4G
ARR;9/29/2026 9:32:12 PM +02:00;9/29/2026 9:40:40 PM +02:00;9/29/2026 9:40:04 PM +02:00;44D2AA;1000;1018;JAF8WG;OOTUJ;B738;Medium;HEMA;EBBR;25L;FLO2H
ARR;9/29/2026 9:32:33 PM +02:00;9/29/2026 9:45:13 PM +02:00;9/29/2026 9:44:13 PM +02:00;3C71A7;2253;1594;BCS378;;A333;Heavy;KCVG;EBBR;25L;KOK9A
DEP;9/29/2026 9:34:08 PM +02:00;9/29/2026 9:38:24 PM +02:00;9/29/2026 9:34:32 PM +02:00;44CE62;1000;1700;BEL9WB;OOSSB;A319;Medium;EBBR;LFML;25R;ROUSY4G
ARR;9/29/2026 9:44:05 PM +02:00;9/29/2026 9:52:33 PM +02:00;9/29/2026 9:51:33 PM +02:00;44CDCB;1000;1679;BEL9NK;OOSNK;A320;Medium;EDDB;EBBR;25L;
ARR;9/29/2026 9:44:17 PM +02:00;9/29/2026 9:57:29 PM +02:00;9/29/2026 9:56:33 PM +02:00;44D2AB;1000;2368;JAF7GY;OOTUK;B738;Medium;GMMW;EBBR;25L;ARVOL9A
DEP;9/29/2026 9:45:24 PM +02:00;9/29/2026 9:49:20 PM +02:00;9/29/2026 9:45:48 PM +02:00;44046D;1000;3831;EJU45PN;OEICI;A320;Medium;EBBR;LFMN;25R;ROUSY4G
ARR;9/29/2026 9:46:04 PM +02:00;9/29/2026 9:55:01 PM +02:00;9/29/2026 9:54:25 PM +02:00;400B4B;1000;2459;DHK954;GDHLM;B763;Heavy;OMDW;EBBR;25L;FLO2H
ARR;9/29/2026 9:49:49 PM +02:00;9/29/2026 9:59:57 PM +02:00;9/29/2026 9:58:37 PM +02:00;346690;1000;2021;VLG3HA;ECNLV;A321;Medium;LEBL;EBBR;25L;ARVOL9A
ARR;9/29/2026 9:50:05 PM +02:00;9/29/2026 10:01:49 PM +02:00;9/29/2026 10:00:53 PM +02:00;44D1BA;5563;446;JAF9LD;OOTMZ;B38M;Medium;DAAG;EBBR;25L;BATTY7A
ARR;9/29/2026 9:52:41 PM +02:00;9/29/2026 10:03:48 PM +02:00;9/29/2026 10:03:01 PM +02:00;484C50;1000;782;KLM65C;PHEZL;E190;Medium;EHAM;EBBR;25L;WOODY9A
DEP;9/29/2026 9:53:33 PM +02:00;9/29/2026 9:58:33 PM +02:00;9/29/2026 9:53:57 PM +02:00;44CDCC;4414;2801;BEL5BJ;OOSNL;A320;Medium;EBBR;EGCC;25R;DENUT4G
ARR;9/29/2026 9:54:49 PM +02:00;9/29/2026 10:08:12 PM +02:00;9/29/2026 10:07:41 PM +02:00;407EA1;2271;853;DHK036;;B763;Heavy;EGNX;EBBR;25R;KOK9A
DEP;9/29/2026 9:55:21 PM +02:00;9/29/2026 10:00:12 PM +02:00;9/29/2026 9:55:45 PM +02:00;495290;7152;1459;TAP645;CSTTP;A319;Medium;EBBR;LPPT;25R;CIV4G
ARR;9/29/2026 9:56:08 PM +02:00;9/29/2026 10:05:28 PM +02:00;9/29/2026 10:05:04 PM +02:00;44CDD1;1000;3924;BEL72R;;A320;Medium;LSGG;EBBR;25L;FLO2H
DEP;9/29/2026 9:56:45 PM +02:00;9/29/2026 10:01:40 PM +02:00;;040262;110;524;ETH751;;A359;Heavy;EBBR;HAAB;25R;PITES4G
ARR;9/29/2026 9:57:49 PM +02:00;9/29/2026 10:09:20 PM +02:00;9/29/2026 10:08:45 PM +02:00;4D21CD;3401;2719;VJT643;;E35L;Medium;EGLF;EBBR;25L;KOK9A
DEP;9/29/2026 9:58:29 PM +02:00;9/29/2026 10:03:29 PM +02:00;;AACAD4;4404;754;CKS264;N795CK;B77L;Heavy;EBBR;KCVG;25R;DENUT4G
DEP;9/29/2026 10:00:09 PM +02:00;9/29/2026 10:05:16 PM +02:00;;89644C;117;3107;UAE182;A6EGE;B77W;Heavy;EBBR;OMDB;25R;PITES4G
ARR;9/29/2026 10:00:33 PM +02:00;9/29/2026 10:11:25 PM +02:00;9/29/2026 10:10:37 PM +02:00;3C70AA;5574;3770;BCS082;DALEJ;A332;Heavy;DNMM;EBBR;25R;FLO2R
DEP;9/29/2026 10:02:33 PM +02:00;9/29/2026 10:06:56 PM +02:00;;4BA9D4;107;3712;THY6LS;TCJNT;A333;Heavy;EBBR;LTFM;25R;SOPOK4G
ARR;9/29/2026 10:03:13 PM +02:00;9/29/2026 10:12:57 PM +02:00;9/29/2026 10:12:13 PM +02:00;44CDC6;1000;269;BEL4MR;OOSNF;A320;Medium;DTMB;EBBR;25L;FLO2H
ARR;9/29/2026 10:08:13 PM +02:00;9/29/2026 10:16:21 PM +02:00;9/29/2026 10:16:05 PM +02:00;48ADA3;1000;2840;LOT1KE;SPLND;E195;Medium;EPWA;EBBR;25L;BATTY7A
ARR;9/29/2026 10:10:13 PM +02:00;9/29/2026 10:19:21 PM +02:00;9/29/2026 10:18:21 PM +02:00;44CDCE;1000;3843;BEL5PR;OOSNN;A320;Medium;EDDF;EBBR;25L;FLO2H
DEP;9/29/2026 10:12:21 PM +02:00;9/29/2026 10:16:16 PM +02:00;9/29/2026 10:12:49 PM +02:00;4402AE;1000;258;EJU16RZ;OEIVZ;A320;Medium;EBBR;LIML;25R;ROUSY4G
ARR;9/29/2026 10:12:33 PM +02:00;9/29/2026 10:21:53 PM +02:00;9/29/2026 10:20:57 PM +02:00;461E16;3510;1431;FIN2L;OHLKG;E190;Medium;EFHK;EBBR;25L;BATTY7A
ARR;9/29/2026 10:23:37 PM +02:00;9/29/2026 10:32:21 PM +02:00;9/29/2026 10:31:21 PM +02:00;4B9856;3214;815;FHY8014;TCFBV;A320;Medium;LTAI;EBBR;25L;FLO2H
DEP;9/29/2026 10:24:49 PM +02:00;9/29/2026 10:28:41 PM +02:00;;407DCF;1000;3464;SWT4904;;B734;Medium;EBBR;ESGJ;25R;NIK3G
DEP;9/29/2026 10:26:41 PM +02:00;9/29/2026 10:30:25 PM +02:00;9/29/2026 10:27:09 PM +02:00;44CC45;1000;675;BEL6NX;;A20N;Medium;EBBR;LKPR;25R;SOPOK4G
DEP;9/29/2026 10:28:29 PM +02:00;9/29/2026 10:31:45 PM +02:00;9/29/2026 10:28:41 PM +02:00;3CF1A2;7132;676;;DCSUS;PC24;Medium;EBBR;EDDK;25R;LNO4G
DEP;9/29/2026 10:29:53 PM +02:00;9/29/2026 10:35:09 PM +02:00;;4CA8D6;7130;231;RYR7AC;EIENK;B738;Medium;EBBR;GMMX;25R;CIV4G
DEP;9/29/2026 10:31:13 PM +02:00;9/29/2026 10:35:29 PM +02:00;;348358;1000;1727;BCS5535;;B738;Medium;EBBR;LZIB;25R;SOPOK4G
DEP;9/29/2026 10:35:37 PM +02:00;9/29/2026 10:38:21 PM +02:00;9/29/2026 10:35:37 PM +02:00;3CD5C4;7156;1958;DCS607;;C56X;Medium;EBBR;EDTY;25R;SOPOK4G
ARR;9/29/2026 10:39:49 PM +02:00;9/29/2026 10:51:33 PM +02:00;9/29/2026 10:50:41 PM +02:00;48520D;1000;2708;TRA91R;PHHXE;B738;Medium;LEIB;EBBR;25R;KERKY2R
ARR;9/29/2026 10:42:33 PM +02:00;9/29/2026 10:55:13 PM +02:00;9/29/2026 10:54:29 PM +02:00;44D076;1000;899;BEL5GT;OOTCV;A320;Medium;LEMG;EBBR;25R;KERKY2R
ARR;9/29/2026 10:44:53 PM +02:00;9/29/2026 10:53:53 PM +02:00;9/29/2026 10:52:49 PM +02:00;502D46;1000;938;BEL6AK;YLABE;BCS3;Medium;EDDM;EBBR;25L;FLO2H
ARR;9/29/2026 10:45:41 PM +02:00;9/29/2026 10:56:57 PM +02:00;9/29/2026 10:55:57 PM +02:00;346147;1000;2136;IBE0603;ECNCM;A20N;Medium;LEMD;EBBR;25L;ARVOL9A
ARR;9/29/2026 10:48:29 PM +02:00;9/29/2026 10:59:49 PM +02:00;9/29/2026 10:58:49 PM +02:00;347301;1000;1169;BCS5AY;;B752;Medium;LFBO;EBBR;25R;ARVOL9A
ARR;9/29/2026 10:52:37 PM +02:00;9/29/2026 11:01:49 PM +02:00;9/29/2026 11:00:57 PM +02:00;44CE61;1000;1754;BEL9WV;OOSSA;A319;Medium;LOWW;EBBR;25L;FLO2H
ARR;9/29/2026 10:54:45 PM +02:00;9/29/2026 11:04:20 PM +02:00;9/29/2026 11:03:29 PM +02:00;44CE6C;1000;1375;BEL5LC;OOSSL;A319;Medium;LIRF;EBBR;25R;FLO2R
ARR;9/29/2026 10:58:49 PM +02:00;9/29/2026 11:07:21 PM +02:00;9/29/2026 11:06:49 PM +02:00;44CC48;1000;3218;BEL6HB;;A20N;Medium;GCTS;EBBR;25R;ARVOL9A
ARR;9/29/2026 11:00:09 PM +02:00;9/29/2026 11:11:49 PM +02:00;9/29/2026 11:10:49 PM +02:00;484B6E;1000;2358;TRA96B;PHHXL;B738;Medium;LEAL;EBBR;25R;ARVOL9A
ARR;9/29/2026 11:00:37 PM +02:00;9/29/2026 11:09:45 PM +02:00;9/29/2026 11:08:49 PM +02:00;503E61;1000;381;CXI32CZ;LYLGA;A320;Medium;LGIR;EBBR;25L;FLO2H
ARR;9/29/2026 11:03:28 PM +02:00;9/29/2026 11:14:21 PM +02:00;;44CE6A;1000;2663;BEL56L;OOSSJ;A319;Medium;LIMC;EBBR;25R;FLO2R
DEP;9/29/2026 11:08:41 PM +02:00;9/29/2026 11:13:33 PM +02:00;;8852E3;101;1888;THA935;;B789;Heavy;EBBR;VTBS;25R;SOPOK4M
ARR;9/29/2026 11:11:05 PM +02:00;9/29/2026 11:24:13 PM +02:00;9/29/2026 11:23:09 PM +02:00;502D7C;1000;3436;BEL7JN;;BCS3;Medium;LEBL;EBBR;25R;ARVOL9A
DEP;9/29/2026 11:16:37 PM +02:00;9/29/2026 11:21:29 PM +02:00;;346690;1000;2182;VLG5KB;ECNLV;A321;Medium;EBBR;LEBL;25R;CIV4G
ARR;9/29/2026 11:17:01 PM +02:00;9/29/2026 11:28:05 PM +02:00;9/29/2026 11:27:05 PM +02:00;440BCD;1000;3751;BCS9YP;OELNW;B752;Medium;EDDF;EBBR;25R;FLO2R
ARR;9/29/2026 11:18:45 PM +02:00;9/29/2026 11:31:45 PM +02:00;9/29/2026 11:31:01 PM +02:00;44CDC5;1000;310;BEL37L;OOSNE;A320;Medium;GCLP;EBBR;25R;ARVOL9A
DEP;9/29/2026 11:23:01 PM +02:00;9/29/2026 11:26:33 PM +02:00;;4D21CD;113;416;VJT643;;E35L;Medium;EBBR;LATI;19 ;PITES1L
ARR;9/29/2026 11:31:44 PM +02:00;9/29/2026 11:42:29 PM +02:00;9/29/2026 11:41:37 PM +02:00;400664;1000;2338;DHK4907;GBMRB;B752;Medium;LFSB;EBBR;25R;FLO2R
DEP;9/29/2026 11:32:41 PM +02:00;9/29/2026 11:36:21 PM +02:00;;3C4582;1000;998;BOX117;DAALB;B77L;Heavy;EBBR;EDDP;25R;SPI4M
ARR;9/29/2026 11:50:53 PM +02:00;9/30/2026 12:00:45 AM +02:00;9/30/2026 12:00:01 AM +02:00;44CC41;1000;2147;BEL2ET;OOSBA;A20N;Medium;LPPT;EBBR;25R;ARVOL9A
ARR;9/29/2026 11:51:41 PM +02:00;9/30/2026 12:02:41 AM +02:00;9/30/2026 12:01:57 AM +02:00;44CC42;1000;137;BEL3LI;;A20N;Medium;GCRR;EBBR;25R;ARVOL9A
ARR;9/29/2026 11:53:25 PM +02:00;9/30/2026 12:07:57 AM +02:00;9/30/2026 12:07:37 AM +02:00;3C542E;1000;3409;BCS2UR;DAEAN;A306;Heavy;LEMD;EBBR;25R;ARVOL9A
ARR;9/29/2026 11:54:00 PM +02:00;9/30/2026 12:05:29 AM +02:00;9/30/2026 12:04:16 AM +02:00;3420C6;1000;1209;BCS7019;;B738;Medium;LIPE;EBBR;25R;FLO2R
ARR;9/29/2026 11:59:12 PM +02:00;9/30/2026 12:12:04 AM +02:00;9/30/2026 12:11:08 AM +02:00;440BC2;1000;1509;BCS7515;OELNE;B752;Medium;LIPO;EBBR;25R;FLO2R
DEP;9/30/2026 12:05:53 AM +02:00;9/30/2026 12:09:17 AM +02:00;;400B4B;4407;3974;DHK954;GDHLM;B763;Heavy;EBBR;EGNX;25R;DENUT4G
ARR;9/30/2026 12:11:16 AM +02:00;9/30/2026 12:21:53 AM +02:00;9/30/2026 12:20:53 AM +02:00;3C70B4;1000;1514;BCS4GC;DALET;B752;Medium;LEBL;EBBR;25R;FLO2R
ARR;9/30/2026 12:20:37 AM +02:00;9/30/2026 12:34:04 AM +02:00;9/30/2026 12:32:44 AM +02:00;44A826;2045;1145;JAF2536;OOJAF;B738;Medium;GMMN;EBBR;25L;ARVOL9A
DEP;9/30/2026 12:22:49 AM +02:00;9/30/2026 12:28:56 AM +02:00;9/30/2026 12:23:17 AM +02:00;3C70AA;1000;89;BCS62A;DALEJ;A332;Heavy;EBBR;EDDP;25R;SOPOK4M
ARR;9/30/2026 12:24:21 AM +02:00;9/30/2026 12:35:44 AM +02:00;9/30/2026 12:34:40 AM +02:00;4CAC65;1000;3164;BCS21Q;EIAZD;B738;Medium;LFPG;EBBR;25R;ARVOL9A
ARR;9/30/2026 12:25:33 AM +02:00;9/30/2026 12:37:20 AM +02:00;9/30/2026 12:36:08 AM +02:00;4951CB;535;2169;TAP46RU;CSTNK;A320;Medium;LPPT;EBBR;25L;ARVOL9A
ARR;9/30/2026 12:30:13 AM +02:00;9/30/2026 12:40:32 AM +02:00;9/30/2026 12:40:16 AM +02:00;3C1BB0;2240;2807;BCS2665;;A306;Heavy;EGLL;EBBR;25R;KOK9A
ARR;9/30/2026 12:33:36 AM +02:00;9/30/2026 12:43:16 AM +02:00;9/30/2026 12:42:28 AM +02:00;44D1A6;3263;1646;JAF3261;;B38M;Medium;LTBJ;EBBR;25L;FLO2H
ARR;9/30/2026 12:35:52 AM +02:00;9/30/2026 12:45:20 AM +02:00;9/30/2026 12:44:44 AM +02:00;44D1A2;1000;4011;JAF2EV;OOTMB;B38M;Medium;HEGN;EBBR;25L;FLO2H
DEP;9/30/2026 12:39:00 AM +02:00;9/30/2026 12:43:08 AM +02:00;;347301;1000;3598;BCS92P;;B752;Medium;EBBR;EDDP;19 ;SOPOK9L
DEP;9/30/2026 12:39:16 AM +02:00;9/30/2026 12:39:20 AM +02:00;;347301;1000;2890;BCS92P;;;;EBBR;EDDP;;
ARR;9/30/2026 12:42:28 AM +02:00;9/30/2026 12:53:28 AM +02:00;;440BC5;1000;3848;BCS417;OELNI;B752;Medium;LEVT;EBBR;25R;ARVOL9A
ARR;9/30/2026 12:45:41 AM +02:00;9/30/2026 12:57:24 AM +02:00;9/30/2026 12:56:32 AM +02:00;452112;746;2739;BCS3KC;LZCXC;B738;Medium;EKCH;EBBR;25R;BEKEM9A
ARR;9/30/2026 12:54:12 AM +02:00;9/30/2026 1:06:56 AM +02:00;9/30/2026 1:06:32 AM +02:00;407EA0;1154;3391;DHK453;;B763;Heavy;EGNX;EBBR;25R;KOK9A
ARR;9/30/2026 1:07:44 AM +02:00;9/30/2026 1:17:56 AM +02:00;9/30/2026 1:17:13 AM +02:00;3C1BB1;1000;801;BCS8AA;;A306;Heavy;LIMC;EBBR;25R;FLO2R
DEP;9/30/2026 1:19:32 AM +02:00;9/30/2026 1:23:52 AM +02:00;9/30/2026 1:19:53 AM +02:00;3C71A7;1000;386;BCS6TP;;A333;Heavy;EBBR;EDDP;25R;SOPOK4M
DEP;9/30/2026 1:34:20 AM +02:00;9/30/2026 1:38:04 AM +02:00;;3420C6;1000;871;BCS2200;;B738;Medium;EBBR;EDDP;19 ;SOPOK9L
DEP;9/30/2026 1:41:33 AM +02:00;9/30/2026 1:45:00 AM +02:00;;440BCD;7104;613;BCS491;OELNW;B752;Medium;EBBR;EDDK;19 ;LNO8L
ARR;9/30/2026 1:51:01 AM +02:00;9/30/2026 2:00:48 AM +02:00;9/30/2026 1:59:36 AM +02:00;346318;1000;1656;BCS2NH;ECNHF;B752;Medium;EDDP;EBBR;25R;FLO2R
ARR;9/30/2026 1:57:53 AM +02:00;9/30/2026 2:07:13 AM +02:00;9/30/2026 2:06:20 AM +02:00;44CC46;1000;3990;BEL4JK;;A20N;Medium;HEGN;EBBR;25L;BATTY7A
DEP;9/30/2026 2:02:48 AM +02:00;9/30/2026 2:06:12 AM +02:00;;440BC2;1000;75;BCS25C;OELNE;B752;Medium;EBBR;EDDP;19 ;SOPOK9L
DEP;9/30/2026 2:07:41 AM +02:00;9/30/2026 2:10:08 AM +02:00;;3C5422;1000;3080;BCS820;DAEAB;A306;Heavy;EBBR;EDDP;19 ;SOPOK9L
ARR;9/30/2026 2:19:08 AM +02:00;9/30/2026 2:29:08 AM +02:00;;348358;1000;2279;BCS5534;;B738;Medium;LZIB;EBBR;25R;FLO2R
ARR;9/30/2026 2:29:32 AM +02:00;9/30/2026 2:29:40 AM +02:00;9/30/2026 2:29:32 AM +02:00;348358;1000;3938;BCS5534;;B738;Medium;LZIB;EBBR;;FLO2R
ARR;9/30/2026 2:34:28 AM +02:00;9/30/2026 2:44:48 AM +02:00;9/30/2026 2:43:44 AM +02:00;34310D;1000;2742;BCS71M;ECKLD;B752;Medium;EDDP;EBBR;25R;BATTY7A
DEP;9/30/2026 3:08:16 AM +02:00;9/30/2026 3:13:01 AM +02:00;9/30/2026 3:08:16 AM +02:00;452112;7145;3868;BCS7NC;LZCXC;B738;Medium;EBBR;EKCH;25R;NIK3G
DEP;9/30/2026 3:16:56 AM +02:00;9/30/2026 3:20:12 AM +02:00;;3C542E;1000;498;BCS6GA;DAEAN;A306;Heavy;EBBR;LIMC;19 ;ROUSY1L
DEP;9/30/2026 3:18:08 AM +02:00;9/30/2026 3:21:40 AM +02:00;;3C1BB0;1000;499;BCS3UP;;A306;Heavy;EBBR;LEVT;25R;CIV4G
DEP;9/30/2026 3:27:24 AM +02:00;9/30/2026 3:30:57 AM +02:00;9/30/2026 3:27:49 AM +02:00;3C1BB1;1000;53;BCS41E;;A306;Heavy;EBBR;LEMD;25R;CIV4G
DEP;9/30/2026 3:29:29 AM +02:00;9/30/2026 3:33:08 AM +02:00;;407EA1;4413;1790;DHK842;;B763;Heavy;EBBR;EGNX;25R;DENUT4G
DEP;9/30/2026 3:50:28 AM +02:00;9/30/2026 3:54:21 AM +02:00;9/30/2026 3:50:48 AM +02:00;440BC5;4424;2169;BCS2696;OELNI;B752;Medium;EBBR;EGGW;25R;HELEN4G
DEP;9/30/2026 3:52:48 AM +02:00;9/30/2026 3:56:32 AM +02:00;;3C70B4;1000;3851;BCS1MU;DALET;B752;Medium;EBBR;LEBL;25R;CIV2K
ARR;9/30/2026 4:02:41 AM +02:00;9/30/2026 4:15:20 AM +02:00;9/30/2026 4:14:32 AM +02:00;407C8A;2001;39;DHK052;GDHLY;B77L;Heavy;EGNX;EBBR;25R;KOK9A
DEP;9/30/2026 4:05:16 AM +02:00;9/30/2026 4:09:12 AM +02:00;;346318;1000;1241;BCS1730;ECNHF;B752;Medium;EBBR;LFLL;19 ;ROUSY1L
DEP;9/30/2026 4:11:49 AM +02:00;9/30/2026 4:11:53 AM +02:00;9/30/2026 4:11:53 AM +02:00;34310D;1000;2104;BCS1956;ECKLD;B752;;EBBR;LFML;;
DEP;9/30/2026 4:21:04 AM +02:00;9/30/2026 4:24:44 AM +02:00;9/30/2026 4:21:29 AM +02:00;348358;4412;4023;BCS2886;;B738;Medium;EBBR;EIDW;25R;DENUT4G
DEP;9/30/2026 4:21:33 AM +02:00;9/30/2026 4:25:28 AM +02:00;;34310D;1000;191;BCS1956;ECKLD;B752;Medium;EBBR;LFML;19 ;ROUSY1L
DEP;9/30/2026 4:37:49 AM +02:00;9/30/2026 4:41:40 AM +02:00;;400664;1000;1364;DHK4908;GBMRB;B752;Medium;EBBR;LFSB;19 ;ROUSY1L
ARR;9/30/2026 4:39:09 AM +02:00;9/30/2026 4:48:09 AM +02:00;9/30/2026 4:47:53 AM +02:00;3C70AA;1000;3915;BCS120;DALEJ;A332;Heavy;EDDP;EBBR;25R;
DEP;9/30/2026 4:40:05 AM +02:00;9/30/2026 4:43:44 AM +02:00;;407EA0;102;3795;DHK036;;B763;Heavy;EBBR;OBBI;19 ;ROUSY1L
ARR;9/30/2026 4:52:29 AM +02:00;9/30/2026 5:05:09 AM +02:00;9/30/2026 5:04:21 AM +02:00;44CCD8;1000;730;BEL26D;OOSFX;A333;Heavy;GOBD;EBBR;25L;ARVOL9A
ARR;9/30/2026 4:52:53 AM +02:00;9/30/2026 5:02:33 AM +02:00;9/30/2026 5:01:45 AM +02:00;44CCC6;1000;1670;BEL8LE;OOSFF;A333;Heavy;DFFD;EBBR;25L;FLO2H
ARR;9/30/2026 5:01:25 AM +02:00;9/30/2026 5:10:53 AM +02:00;9/30/2026 5:09:49 AM +02:00;44CCC7;1000;113;BEL8VB;OOSFG;A333;Heavy;FKYS;EBBR;25L;FLO2H
ARR;9/30/2026 5:09:53 AM +02:00;9/30/2026 5:21:13 AM +02:00;9/30/2026 5:20:21 AM +02:00;44CCD0;1000;274;BEL7WR;OOSFP;A333;Heavy;GLRB;EBBR;25L;ARVOL9A
ARR;9/30/2026 5:25:33 AM +02:00;9/30/2026 5:34:44 AM +02:00;9/30/2026 5:34:40 AM +02:00;407757;3262;3475;VCG2UG;GOUEG;GLEX;Medium;VIDP;EBBR;25R;
DEP;9/30/2026 5:53:05 AM +02:00;9/30/2026 5:59:49 AM +02:00;;4D0264;1000;2108;FYL11KH;LXKHH;PC24;Medium;EBBR;EBLG;19 ;LNO8L
DEP;9/30/2026 5:54:41 AM +02:00;9/30/2026 5:59:16 AM +02:00;;503E61;114;2500;CAI6AF;LYLGA;A320;Medium;EBBR;LTFE;19 ;PITES1L
DEP;9/30/2026 5:58:05 AM +02:00;9/30/2026 6:02:25 AM +02:00;9/30/2026 5:58:28 AM +02:00;4CAC65;1000;2852;BCS95W;EIAZD;B738;Medium;EBBR;LFBD;25R;CIV2K
DEP;9/30/2026 6:02:17 AM +02:00;9/30/2026 6:06:17 AM +02:00;;44CE61;1000;3132;BEL8NV;OOSSA;A319;Medium;EBBR;LEAL;25R;CIV4G
ARR;9/30/2026 6:07:04 AM +02:00;9/30/2026 6:15:49 AM +02:00;;44CCC3;1000;1548;BEL3YG;OOSFC;A333;Heavy;HKJK;EBBR;25L;BATTY7A
DEP;9/30/2026 6:07:33 AM +02:00;9/30/2026 6:11:44 AM +02:00;9/30/2026 6:07:57 AM +02:00;4951CB;7105;242;TAP647;CSTNK;A320;Medium;EBBR;LPPT;25R;CIV4G
ARR;9/30/2026 6:08:49 AM +02:00;9/30/2026 6:18:45 AM +02:00;9/30/2026 6:17:57 AM +02:00;44CCC5;1000;1603;BEL38K;OOSFE;A333;Heavy;FZAA;EBBR;25L;FLO2H
DEP;9/30/2026 6:09:01 AM +02:00;9/30/2026 6:14:04 AM +02:00;;4B9856;104;1768;FHY8115;TCFBV;A320;Medium;EBBR;LTAI;25R;SOPOK4G
DEP;9/30/2026 6:10:49 AM +02:00;9/30/2026 6:15:01 AM +02:00;;44D1C2;1000;215;JAF68V;OOTNB;B738;Medium;EBBR;LEPA;25R;CIV4G
DEP;9/30/2026 6:11:53 AM +02:00;9/30/2026 6:15:37 AM +02:00;9/30/2026 6:12:17 AM +02:00;44D076;110;3731;BEL1TE;OOTCV;A320;Medium;EBBR;LGKO;25R;SOPOK4G
ARR;9/30/2026 6:11:56 AM +02:00;9/30/2026 6:22:13 AM +02:00;9/30/2026 6:21:01 AM +02:00;44CCC4;1000;957;BEL28A;OOSFD;A333;Heavy;DGAA;EBBR;25L;FLO2H
DEP;9/30/2026 6:14:17 AM +02:00;9/30/2026 6:18:01 AM +02:00;;44D2AB;7141;685;JAF88H;OOTUK;B738;Medium;EBBR;LEMG;25R;CIV4G
ARR;9/30/2026 6:15:53 AM +02:00;9/30/2026 6:25:41 AM +02:00;9/30/2026 6:24:33 AM +02:00;44CCC2;1000;56;BEL4KE;OOSFB;A333;Heavy;HUEN;EBBR;25L;FLO2H
DEP;9/30/2026 6:16:21 AM +02:00;9/30/2026 6:21:21 AM +02:00;;485A86;7144;22;JAF51E;PHTFU;B38M;Medium;EBBR;GVBA;25R;CIV4G
ARR;9/30/2026 6:16:37 AM +02:00;9/30/2026 6:27:08 AM +02:00;;39D702;1000;2271;;FHVYC;C56X;Medium;LFAV;EBBR;25L;KERKY2H
DEP;9/30/2026 6:17:37 AM +02:00;9/30/2026 6:21:53 AM +02:00;9/30/2026 6:18:01 AM +02:00;44D1A2;117;1383;JAF8EK;OOTMB;B38M;Medium;EBBR;LICC;25R;ROUSY4G
DEP;9/30/2026 6:18:53 AM +02:00;9/30/2026 6:24:08 AM +02:00;;44D1B4;1000;3970;JAF3HX;;B38M;Medium;EBBR;LEAL;25R;CIV4G
DEP;9/30/2026 6:21:21 AM +02:00;9/30/2026 6:24:56 AM +02:00;;44D2AA;7107;3718;JAF2PK;OOTUJ;B738;Medium;EBBR;GMFO;25R;CIV4G
DEP;9/30/2026 6:22:29 AM +02:00;9/30/2026 6:27:36 AM +02:00;;44D1A6;107;2175;JAF8AL;;B38M;Medium;EBBR;LCPH;25R;PITES4G
DEP;9/30/2026 6:23:29 AM +02:00;9/30/2026 6:29:00 AM +02:00;9/30/2026 6:23:53 AM +02:00;44CDC6;7117;1436;BEL6NY;OOSNF;A320;Medium;EBBR;LEMG;25R;CIV4G
DEP;9/30/2026 6:24:33 AM +02:00;9/30/2026 6:28:56 AM +02:00;9/30/2026 6:25:09 AM +02:00;449683;115;3539;JAF2YX;;E295;Medium;EBBR;DTNH;25R;ROUSY4G
DEP;9/30/2026 6:28:57 AM +02:00;9/30/2026 6:32:52 AM +02:00;9/30/2026 6:29:17 AM +02:00;44CC41;106;363;BEL7CM;OOSBA;A20N;Medium;EBBR;LGSA;25R;PITES4G
DEP;9/30/2026 6:29:40 AM +02:00;9/30/2026 6:33:09 AM +02:00;9/30/2026 6:30:13 AM +02:00;484C53;1000;2147;KLM28H;PHEZO;E190;Medium;EBBR;EHAM;25R;HELEN4G
DEP;9/30/2026 6:31:41 AM +02:00;9/30/2026 6:35:20 AM +02:00;9/30/2026 6:32:05 AM +02:00;44CE6C;1000;3760;BEL2JY;OOSSL;A319;Medium;EBBR;EDDB;25R;SPI4G
DEP;9/30/2026 6:33:17 AM +02:00;9/30/2026 6:36:45 AM +02:00;9/30/2026 6:33:17 AM +02:00;44CE79;1000;531;BEL8LT;;A319;Medium;EBBR;LSGG;25R;ROUSY4G
ARR;9/30/2026 6:33:21 AM +02:00;9/30/2026 6:42:17 AM +02:00;9/30/2026 6:41:25 AM +02:00;781003;7677;3612;CHH491;B7839;B789;Heavy;ZBAA;EBBR;25L;
DEP;9/30/2026 6:34:45 AM +02:00;9/30/2026 6:38:20 AM +02:00;9/30/2026 6:35:01 AM +02:00;502D46;1000;4083;BEL5BN;YLABE;BCS3;Medium;EBBR;LIMC;25R;ROUSY4G
DEP;9/30/2026 6:35:45 AM +02:00;9/30/2026 6:39:25 AM +02:00;9/30/2026 6:36:13 AM +02:00;461E16;7112;1993;FIN8AX;OHLKG;E190;Medium;EBBR;EFHK;25R;NIK3G
ARR;9/30/2026 6:35:57 AM +02:00;9/30/2026 6:45:25 AM +02:00;;780DFC;1000;887;CCA963;B5978;A333;Heavy;ZBAA;EBBR;25L;
DEP;9/30/2026 6:37:01 AM +02:00;9/30/2026 6:41:37 AM +02:00;;44A831;105;3000;JAF8WY;OOJAQ;B738;Medium;EBBR;LGIR;25R;PITES4G
DEP;9/30/2026 6:38:41 AM +02:00;9/30/2026 6:43:01 AM +02:00;9/30/2026 6:39:05 AM +02:00;44CDC5;1000;1216;BEL8QB;OOSNE;A320;Medium;EBBR;EDDF;25R;SPI4G
DEP;9/30/2026 6:40:25 AM +02:00;9/30/2026 6:44:12 AM +02:00;;44A826;103;4000;JAF6NT;OOJAF;B738;Medium;EBBR;BKPR;25R;PITES4G
DEP;9/30/2026 6:42:05 AM +02:00;9/30/2026 6:47:00 AM +02:00;;44D1BA;112;1155;JAF61W;OOTMZ;B38M;Medium;EBBR;DTTJ;25R;ROUSY4G
DEP;9/30/2026 6:44:29 AM +02:00;9/30/2026 6:48:33 AM +02:00;;484B6E;7151;1304;TRA71U;PHHXL;B738;Medium;EBBR;GCTS;25R;CIV4G
DEP;9/30/2026 6:45:37 AM +02:00;9/30/2026 6:50:21 AM +02:00;9/30/2026 6:46:01 AM +02:00;44CC42;7122;3867;BEL1WH;;A20N;Medium;EBBR;LGIR;25R;SOPOK4G
ARR;9/30/2026 6:51:01 AM +02:00;9/30/2026 7:01:13 AM +02:00;9/30/2026 7:00:05 AM +02:00;04012B;1000;3735;ETH750;ETATR;A359;Heavy;HAAB;EBBR;25L;LNO6A
DEP;9/30/2026 6:52:13 AM +02:00;9/30/2026 6:54:29 AM +02:00;9/30/2026 6:52:21 AM +02:00;39D702;1000;2301;;FHVYC;C56X;Medium;EBBR;LFLY;25R;CIV4G
ARR;9/30/2026 6:54:09 AM +02:00;9/30/2026 7:03:49 AM +02:00;;347255;4122;3122;BCS204P;ECNUG;B738;Medium;EDDK;EBBR;25R;LNO6A
DEP;9/30/2026 6:56:13 AM +02:00;9/30/2026 6:59:53 AM +02:00;9/30/2026 6:56:37 AM +02:00;44CC48;1000;723;BEL3ZY;;A20N;Medium;EBBR;LFPG;25R;CIV4G
DEP;9/30/2026 6:57:25 AM +02:00;9/30/2026 7:01:44 AM +02:00;9/30/2026 6:57:49 AM +02:00;44CE6A;1000;2203;BEL7TC;OOSSJ;A319;Medium;EBBR;EDDM;25R;SOPOK4G
ARR;9/30/2026 6:58:25 AM +02:00;9/30/2026 7:09:41 AM +02:00;9/30/2026 7:08:53 AM +02:00;A2E014;1143;981;UAL950;N2846U;B77W;Heavy;KIAD;EBBR;25L;
DEP;9/30/2026 6:58:45 AM +02:00;9/30/2026 7:04:01 AM +02:00;;3C70AA;7127;1624;BCS081;DALEJ;A332;Heavy;EBBR;DNMM;25R;CIV4G
