Campaigns;DateFrom;DateTo;DateFromUTC;DateToUTC;ev_all;ev_all_D;ev_all_E;ev_all_N;ev_co;ev_co_D;ev_co_E;ev_co_N;act;act_D;act_E;act_N;LAeq_24;Lden;Ld;Le;Ln;LAmax45_D;LAmax50_D;LAmax55_D;LAmax60_D;LAmax65_D;LAmax70_D;LAmax75_D;LAmax80_D;LAmax85_D;LAmax90_D;LAmax95_D;LAmax100_D;LAmax45_E;LAmax50_E;LAmax55_E;LAmax60_E;LAmax65_E;LAmax70_E;LAmax75_E;LAmax80_E;LAmax85_E;LAmax90_E;LAmax95_E;LAmax100_E;LAmax45_N;LAmax50_N;LAmax55_N;LAmax60_N;LAmax65_N;LAmax70_N;LAmax75_N;LAmax80_N;LAmax85_N;LAmax90_N;LAmax95_N;LAmax100_N;LAmax45;LAmax50;LAmax55;LAmax60;LAmax65;LAmax70;LAmax75;LAmax80;LAmax85;LAmax90;LAmax95;LAmax100;SEL45_D;SEL50_D;SEL55_D;SEL60_D;SEL65_D;SEL70_D;SEL75_D;SEL80_D;SEL85_D;SEL90_D;SEL95_D;SEL100_D;SEL45_E;SEL50_E;SEL55_E;SEL60_E;SEL65_E;SEL70_E;SEL75_E;SEL80_E;SEL85_E;SEL90_E;SEL95_E;SEL100_E;SEL45_N;SEL50_N;SEL55_N;SEL60_N;SEL65_N;SEL70_N;SEL75_N;SEL80_N;SEL85_N;SEL90_N;SEL95_N;SEL100_N;SEL45;SEL50;SEL55;SEL60;SEL65;SEL70;SEL75;SEL80;SEL85;SEL90;SEL95;SEL100;nxLAmax50_D;nxLAmax55_D;nxLAmax60_D;nxLAmax65_D;nxLAmax70_D;nxLAmax75_D;nxLAmax80_D;nxLAmax85_D;nxLAmax90_D;nxLAmax95_D;nxLAmax100_D;nxLAmax50_E;nxLAmax55_E;nxLAmax60_E;nxLAmax65_E;nxLAmax70_E;nxLAmax75_E;nxLAmax80_E;nxLAmax85_E;nxLAmax90_E;nxLAmax95_E;nxLAmax100_E;nxLAmax50_N;nxLAmax55_N;nxLAmax60_N;nxLAmax65_N;nxLAmax70_N;nxLAmax75_N;nxLAmax80_N;nxLAmax85_N;nxLAmax90_N;nxLAmax95_N;nxLAmax100_N;nxLAmax50;nxLAmax55;nxLAmax60;nxLAmax65;nxLAmax70;nxLAmax75;nxLAmax80;nxLAmax85;nxLAmax90;nxLAmax95;nxLAmax100;LaMax1S_100;LaMax1S_50;LaMax1S_20;LaMax1S_10;LaMax1S_5;LaMax1S_4;LaMax1S_3;LaMax1S_2;LaMax1S_1;LaMax1S_100_D;LaMax1S_50_D;LaMax1S_20_D;LaMax1S_10_D;LaMax1S_5_D;LaMax1S_4_D;LaMax1S_3_D;LaMax1S_2_D;LaMax1S_1_D;LaMax1S_100_E;LaMax1S_50_E;LaMax1S_20_E;LaMax1S_10_E;LaMax1S_5_E;LaMax1S_4_E;LaMax1S_3_E;LaMax1S_2_E;LaMax1S_1_E;LaMax1S_100_N;LaMax1S_50_N;LaMax1S_20_N;LaMax1S_10_N;LaMax1S_5_N;LaMax1S_4_N;LaMax1S_3_N;LaMax1S_2_N;LaMax1S_1_N
F040-2;2026-09-29 07:00:00;2026-09-30 06:59:59;2026-09-29 05:00:00;2026-09-30 04:59:59;154;126;22;6;100;75;19;6;0.99951;1.00000;1.00000;0.99854;52.58;55.44;54.49;52.36;45.51;0;0;8;3;31;24;9;0;0;0;0;0;0;0;2;3;8;6;0;0;0;0;0;0;0;0;0;0;3;3;0;0;0;0;0;0;0;0;10;6;42;33;9;0;0;0;0;0;0;0;0;0;1;9;19;33;13;0;0;0;0;0;0;0;0;2;5;11;1;0;0;0;0;0;0;0;0;0;1;5;0;0;0;0;0;0;0;0;1;11;25;49;14;0;0;0;75;75;67;64;33;9;0;0;0;0;0;19;19;17;14;6;0;0;0;0;0;0;6;6;6;6;3;0;0;0;0;0;0;100;100;90;84;42;9;0;0;0;0;0;;69.18;72.77;74.64;75.31;75.48;75.55;76.14;76.33;;67.61;72;74.64;75.31;75.48;75.55;76.14;76.33;;;;67.92;70.46;70.78;70.87;71.54;72.59;;;;;65.59;67.26;69.87;70.19;71.29
F041-1;2026-09-29 07:00:00;2026-09-30 06:59:59;2026-09-29 05:00:00;2026-09-30 04:59:59;106;86;14;6;92;72;14;6;0.99951;1.00000;1.00000;0.99854;46.62;50.11;48.36;46.24;41.42;0;2;20;31;17;2;0;0;0;0;0;0;0;0;2;9;3;0;0;0;0;0;0;0;0;0;0;2;4;0;0;0;0;0;0;0;0;2;22;42;24;2;0;0;0;0;0;0;0;0;0;0;6;30;31;5;0;0;0;0;0;0;0;0;0;6;7;1;0;0;0;0;0;0;0;0;0;1;5;0;0;0;0;0;0;0;0;0;6;37;43;6;0;0;0;0;72;70;50;19;2;0;0;0;0;0;0;14;14;12;3;0;0;0;0;0;0;0;6;6;6;4;0;0;0;0;0;0;0;92;90;68;26;2;0;0;0;0;0;0;;62.58;66.14;67.72;69.13;69.17;69.49;69.72;72.34;;59.88;64.84;66.64;69.09;69.13;69.17;69.49;72.34;;;;60.65;64.34;64.57;64.79;66.87;67.6;;;;;61.86;64.86;65.93;67.16;68.56
F042-2;2026-09-29 07:00:00;2026-09-30 06:59:59;2026-09-29 05:00:00;2026-09-30 04:59:59;258;185;67;6;255;183;66;6;0.99953;1.00000;1.00000;0.99858;64.47;66.64;66.49;64.66;54.02;0;0;0;0;2;24;87;54;14;2;0;0;0;0;0;0;5;14;29;16;2;0;0;0;0;0;0;0;0;0;2;4;0;0;0;0;0;0;0;0;7;38;118;74;16;2;0;0;0;0;0;0;0;0;1;33;95;41;13;0;0;0;0;0;0;0;3;16;33;14;0;0;0;0;0;0;0;0;0;0;3;3;0;0;0;0;0;0;0;0;4;49;131;58;13;0;183;183;183;183;181;157;70;16;2;0;0;66;66;66;66;61;47;18;2;0;0;0;6;6;6;6;6;6;4;0;0;0;0;255;255;255;255;248;210;92;18;2;0;0;79.56;82.26;84.6;86.81;87.93;88.97;89.01;89.75;90.2;78.13;81.34;84.08;86.81;87.93;88.97;89.01;89.75;90.2;;74.54;79.39;81.48;83.37;84.04;84.6;84.9;85.49;;;;;76.49;79.21;80.61;82.01;83.54
F043-2;2026-09-29 07:00:00;2026-09-30 06:59:59;2026-09-29 05:00:00;2026-09-30 04:59:59;343;215;96;32;238;172;61;5;0.99951;1.00000;1.00000;0.99854;54.56;57.04;56.13;56.48;42.98;0;0;0;9;56;101;6;0;0;0;0;0;0;0;1;1;22;35;2;0;0;0;0;0;0;0;0;0;0;5;0;0;0;0;0;0;0;0;1;10;78;141;8;0;0;0;0;0;0;0;0;0;0;8;88;74;2;0;0;0;0;0;0;0;1;2;28;30;0;0;0;0;0;0;0;0;0;0;2;3;0;0;0;0;0;0;0;0;1;10;118;107;2;0;0;0;172;172;172;163;107;6;0;0;0;0;0;61;61;60;59;37;2;0;0;0;0;0;5;5;5;5;5;0;0;0;0;0;0;238;238;237;227;149;8;0;0;0;0;0;70.81;71.81;73.15;74.45;75.33;75.89;75.9;75.94;76.48;70.09;71.39;72.89;73.91;75.32;75.33;75.89;75.9;75.94;;68.81;70.82;71.98;72.58;72.73;72.79;73.17;75.07;;;;;;70.44;70.82;70.97;71.06
F044-2;2026-09-29 07:00:00;2026-09-30 06:59:59;2026-09-29 05:00:00;2026-09-30 04:59:59;474;363;84;27;110;77;29;4;0.99951;1.00000;1.00000;0.99854;45.77;49.33;47.62;44.43;41.01;0;4;17;41;10;5;0;0;0;0;0;0;1;5;14;8;1;0;0;0;0;0;0;0;0;0;0;2;2;0;0;0;0;0;0;0;1;9;31;51;13;5;0;0;0;0;0;0;0;0;0;0;10;50;11;6;0;0;0;0;0;0;0;1;10;17;1;0;0;0;0;0;0;0;0;0;0;1;1;2;0;0;0;0;0;0;0;1;20;68;13;8;0;0;0;0;77;73;56;15;5;0;0;0;0;0;0;28;23;9;1;0;0;0;0;0;0;0;4;4;4;2;0;0;0;0;0;0;0;109;100;69;18;5;0;0;0;0;0;0;54.51;61.27;63.93;68.05;69.68;70.05;70.92;71.82;73.53;;60.68;63.12;66.75;69.68;70.05;70.92;71.82;73.53;;;57.2;59.58;62.48;62.68;62.84;62.86;63.93;;;;;;;60.62;63.73;68.05
F045-1;2026-09-29 07:00:00;2026-09-30 06:59:59;2026-09-29 05:00:00;2026-09-30 04:59:59;134;99;26;9;87;61;19;7;0.99951;1.00000;1.00000;0.99854;45.24;48.14;47.18;44.75;38.44;0;5;20;23;10;3;0;0;0;0;0;0;0;1;10;6;2;0;0;0;0;0;0;0;0;1;0;4;2;0;0;0;0;0;0;0;0;7;30;33;14;3;0;0;0;0;0;0;0;0;0;0;14;32;9;6;0;0;0;0;0;0;0;0;7;9;2;1;0;0;0;0;0;0;0;0;1;4;2;0;0;0;0;0;0;0;0;0;22;45;13;7;0;0;0;0;61;56;36;13;3;0;0;0;0;0;0;19;18;8;2;0;0;0;0;0;0;0;7;6;6;2;0;0;0;0;0;0;0;87;80;50;17;3;0;0;0;0;0;0;;59.98;63.82;67.68;69.63;69.71;69.93;71.86;71.89;;56.78;62.55;67.35;68.57;69.71;69.93;71.86;71.89;;;;59.11;60.75;61.75;63.18;63.82;67.92;;;;;62.21;62.44;62.8;63.14;66.27
F046-2;2026-09-29 07:00:00;2026-09-30 06:59:59;2026-09-29 05:00:00;2026-09-30 04:59:59;217;126;66;25;124;87;34;3;0.99951;1.00000;1.00000;0.99854;52.78;54.33;54.88;53.3;31.13;0;0;0;14;27;42;4;0;0;0;0;0;0;0;1;9;15;8;1;0;0;0;0;0;0;1;1;1;0;0;0;0;0;0;0;0;0;1;2;24;42;50;5;0;0;0;0;0;0;0;0;0;0;7;27;47;6;0;0;0;0;0;0;0;0;8;12;13;1;0;0;0;0;0;0;0;1;2;0;0;0;0;0;0;0;0;0;0;1;17;39;60;7;0;0;0;87;87;87;73;46;4;0;0;0;0;0;34;34;33;24;9;1;0;0;0;0;0;3;2;1;0;0;0;0;0;0;0;0;124;123;121;97;55;5;0;0;0;0;0;64.1;70.38;72.48;73.74;74.82;75.03;75.81;76.13;76.36;;69.55;72.4;73.54;74.43;74.82;75.03;75.81;76.36;;;67.02;69.56;70.52;70.73;71.64;71.68;71.68;;;;;;;;51.68;57.76
F047-3;2026-09-29 07:00:00;2026-09-30 06:59:59;2026-09-29 05:00:00;2026-09-30 04:59:59;175;123;39;13;92;64;24;4;0.99951;1.00000;1.00000;0.99854;46.38;51.61;47.7;43.39;44.93;0;3;37;17;1;5;1;0;0;0;0;0;0;6;16;2;0;0;0;0;0;0;0;0;0;0;0;0;1;3;0;0;0;0;0;0;0;9;53;19;2;8;1;0;0;0;0;0;0;0;0;0;12;43;3;4;2;0;0;0;0;0;0;0;8;15;1;0;0;0;0;0;0;0;0;0;0;0;0;3;1;0;0;0;0;0;0;0;20;58;4;7;3;0;0;0;64;61;24;7;6;1;0;0;0;0;0;24;18;2;0;0;0;0;0;0;0;0;4;4;4;4;3;0;0;0;0;0;0;92;83;30;11;9;1;0;0;0;0;0;;58.17;61.21;66.68;72.73;72.87;74.17;74.27;74.48;;57.41;60.49;62.02;72.4;72.41;72.87;74.17;74.48;;;53.77;57.68;58.45;58.55;59.11;59.48;60.06;;;;;;;69.48;70.73;72.73
F003-3;2026-09-29 07:00:00;2026-09-30 06:59:59;2026-09-29 05:00:00;2026-09-30 04:59:59;291;196;70;25;240;173;60;7;0.99951;1.00000;1.00000;0.99854;51.78;54.06;53.4;53.73;37.97;0;0;6;75;78;14;0;0;0;0;0;0;0;0;2;23;32;3;0;0;0;0;0;0;2;0;0;4;1;0;0;0;0;0;0;0;2;0;8;102;111;17;0;0;0;0;0;0;0;0;0;0;5;49;105;14;0;0;0;0;0;0;0;0;1;16;38;5;0;0;0;0;0;0;0;2;0;3;2;0;0;0;0;0;0;0;0;2;6;68;145;19;0;0;0;0;173;173;167;92;14;0;0;0;0;0;0;60;60;58;35;3;0;0;0;0;0;0;5;5;5;1;0;0;0;0;0;0;0;238;238;230;128;17;0;0;0;0;0;0;65.85;68.02;69.48;70.96;71.79;72.64;72.98;73.09;73.12;64.53;67.11;69.09;70.76;71.79;72.64;72.98;73.09;73.12;;62.45;67.31;68.32;68.81;69.37;69.82;70.56;70.96;;;;;46.92;60.35;61.96;62.92;64.51
F049-1;2026-09-29 07:00:00;2026-09-30 06:59:59;2026-09-29 05:00:00;2026-09-30 04:59:59;268;192;67;9;243;175;62;6;0.99951;1.00000;1.00000;0.99854;57.3;59.11;59.4;57.46;44.1;0;0;5;17;62;70;14;7;0;0;0;0;0;0;3;12;26;20;1;0;0;0;0;0;0;0;0;0;3;3;0;0;0;0;0;0;0;0;8;29;91;93;15;7;0;0;0;0;0;0;0;0;2;20;48;80;19;6;0;0;0;0;0;0;1;7;24;27;3;0;0;0;0;0;0;0;0;0;2;4;0;0;0;0;0;0;0;0;3;27;74;111;22;6;0;0;175;175;170;153;91;21;7;0;0;0;0;62;62;59;47;21;1;0;0;0;0;0;6;6;6;6;3;0;0;0;0;0;0;243;243;235;206;115;22;7;0;0;0;0;70.41;73.03;75.91;78.52;80.57;80.57;81.03;82;82.83;69.48;72.63;75.46;78.52;80.57;80.57;81.03;82;82.83;;64.59;70.03;70.9;72.29;72.36;74.46;74.87;74.96;;;;;66.91;68.79;68.82;70.26;71.66
M071-1;2026-09-29 07:00:00;2026-09-30 06:59:59;2026-09-29 05:00:00;2026-09-30 04:59:59;69;48;14;7;64;46;13;5;0.99951;1.00000;1.00000;0.99854;44.81;47.33;46.88;44.1;36.86;0;1;6;27;9;3;0;0;0;0;0;0;0;0;5;8;0;0;0;0;0;0;0;0;0;0;1;4;0;0;0;0;0;0;0;0;0;1;12;39;9;3;0;0;0;0;0;0;0;0;0;0;2;18;20;6;0;0;0;0;0;0;0;0;0;7;6;0;0;0;0;0;0;0;0;0;0;3;2;0;0;0;0;0;0;0;0;0;2;28;28;6;0;0;0;0;46;45;39;12;3;0;0;0;0;0;0;13;13;8;0;0;0;0;0;0;0;0;5;5;4;0;0;0;0;0;0;0;0;64;63;51;12;3;0;0;0;0;0;0;;60.06;64.21;65.29;68.86;69.29;69.4;70.51;71.04;;;64.12;65.29;68.86;69.29;69.4;70.51;71.04;;;;59.12;61.47;63.05;63.35;63.52;64.18;;;;;;59.89;61.55;62.13;63.51
M072-2;2026-09-29 07:00:00;2026-09-30 06:59:59;2026-09-29 05:00:00;2026-09-30 04:59:59;105;50;39;16;58;40;13;5;0.99953;1.00000;1.00000;0.99858;40.45;43.9;42.31;39.33;35.39;0;1;22;16;1;0;0;0;0;0;0;0;0;5;7;1;0;0;0;0;0;0;0;0;0;0;4;1;0;0;0;0;0;0;0;0;0;6;33;18;1;0;0;0;0;0;0;0;0;0;0;0;5;29;6;0;0;0;0;0;0;0;0;1;7;5;0;0;0;0;0;0;0;0;0;0;0;4;1;0;0;0;0;0;0;0;0;1;12;38;7;0;0;0;0;0;40;39;17;1;0;0;0;0;0;0;0;13;8;1;0;0;0;0;0;0;0;0;5;5;1;0;0;0;0;0;0;0;0;58;52;19;1;0;0;0;0;0;0;0;;55.62;59.84;61.48;62.34;62.64;62.97;63.53;63.66;;;59.15;60.85;61.68;62.34;62.64;63.53;63.66;;;;53.78;57.56;58.62;58.88;59.45;59.84;;;;;;57.65;58.69;58.93;59.5
M044-3;2026-09-29 07:00:00;2026-09-30 06:59:59;2026-09-29 05:00:00;2026-09-30 04:59:59;156;100;44;12;115;78;33;4;0.99951;1.00000;1.00000;0.99854;47.03;49.68;49.22;44.98;40.15;0;5;20;42;6;4;1;0;0;0;0;0;1;5;15;11;1;0;0;0;0;0;0;0;0;0;1;1;2;0;0;0;0;0;0;0;1;10;36;54;9;4;1;0;0;0;0;0;0;0;0;0;17;45;10;3;2;1;0;0;0;0;0;1;14;17;1;0;0;0;0;0;0;0;0;0;0;2;0;2;0;0;0;0;0;0;0;1;31;64;11;5;2;1;0;0;78;73;53;11;5;1;0;0;0;0;0;32;27;12;1;0;0;0;0;0;0;0;4;4;3;2;0;0;0;0;0;0;0;114;104;68;14;5;1;0;0;0;0;0;55.72;61.13;63.72;66.36;69.57;70.35;70.56;72.23;72.73;;60.3;62.86;65.06;69.57;70.35;70.56;72.23;72.73;;;57.16;60.28;60.86;61.13;61.9;61.98;62.73;;;;;;;59.69;63.72;67.19
